224,382,0,0,1,0
224,382,1,0,0,0
104,360,0,0,0,0
96,372,0,0,0,0
104,359,0,0,0,0
96,372,0,0,0,0
106,356,0,0,0,0
107,348,0,0,0,0
105,361,0,0,0,0
97,371,0,0,0,0
83,381,0,0,0,0
73,391,0,0,0,0
70,404,0,0,0,0
63,420,0,0,0,0
59,438,0,0,0,0
59,455,0,0,0,0
65,472,0,0,0,0
75,484,0,0,0,0
87,491,0,0,0,0
104,494,0,0,0,0
122,493,0,0,0,0
133,488,0,0,0,0
142,479,0,0,0,0
134,488,0,0,0,0
122,493,0,0,0,0
105,494,0,0,0,0
88,492,0,0,0,0
76,485,0,0,0,0
66,474,0,0,0,0
60,459,0,0,0,0
59,442,0,0,0,0
61,426,0,0,0,0
67,411,0,0,0,0
72,396,0,0,0,0
75,388,0,0,0,0
87,379,0,0,0,0
100,368,0,0,0,0
106,359,0,0,0,0
107,351,0,0,0,0
104,344,0,0,0,0
111,346,0,0,0,0
103,347,0,0,0,0
112,350,0,0,0,0
102,350,0,0,0,0
112,354,0,0,0,0
101,353,0,0,0,0
112,359,0,0,0,0
99,355,0,0,0,0
112,363,0,0,0,0
97,357,0,0,0,0
111,367,0,0,0,0
95,359,0,0,0,0
109,371,0,0,0,0
92,361,0,0,0,0
107,375,0,0,0,0
90,363,0,0,0,0
105,378,0,0,0,0
87,365,0,0,0,0
103,381,0,0,0,0
84,366,0,0,0,0
100,384,0,0,0,0
80,368,0,0,0,0
98,387,0,0,0,0
77,370,0,0,0,0
95,389,0,0,0,0
73,371,0,0,0,0
92,391,0,0,0,0
70,373,0,0,0,0
90,393,0,0,0,0
67,376,0,0,0,0
88,395,0,0,0,0
64,378,0,0,0,0
87,397,0,0,0,0
62,381,0,0,0,0
86,399,0,0,0,0
60,385,0,0,0,0
84,400,0,0,0,0
60,389,0,0,0,0
83,402,0,0,0,0
61,393,0,0,0,0
82,404,0,0,0,0
61,398,0,0,0,0
80,406,0,0,0,0
61,402,0,0,0,0
78,408,0,0,0,0
61,406,0,0,0,0
76,411,0,0,0,0
59,409,0,0,0,0
74,414,0,0,0,0
57,413,0,0,0,0
73,417,0,0,0,0
56,416,0,0,0,0
71,420,0,0,0,0
55,420,0,0,0,0
70,424,0,0,0,0
53,424,0,0,0,0
69,427,0,0,0,0
53,428,0,0,0,0
68,430,0,0,0,0
52,432,0,0,0,0
68,434,0,0,0,0
51,435,0,0,0,0
67,437,0,0,0,0
50,439,0,0,0,0
67,440,0,0,0,0
50,443,0,0,0,0
67,444,0,0,0,0
50,447,0,0,0,0
67,447,0,0,0,0
50,451,0,0,0,0
68,451,0,0,0,0
50,455,0,0,0,0
68,454,0,0,0,0
51,459,0,0,0,0
69,457,0,0,0,0
52,463,0,0,0,0
70,459,0,0,0,0
53,467,0,0,0,0
71,462,0,0,0,0
54,471,0,0,0,0
72,464,0,0,0,0
55,474,0,0,0,0
74,467,0,0,0,0
57,478,0,0,0,0
75,469,0,0,0,0
59,481,0,0,0,0
77,472,0,0,0,0
61,485,0,0,0,0
78,473,0,0,0,0
64,488,0,0,0,0
79,475,0,0,0,0
67,491,0,0,0,0
81,476,0,0,0,0
70,493,0,0,0,0
82,477,0,0,0,0
73,496,0,0,0,0
84,479,0,0,0,0
77,498,0,0,0,0
86,480,0,0,0,0
80,500,0,0,0,0
88,481,0,0,0,0
84,501,0,0,0,0
90,481,0,0,0,0
88,503,0,0,0,0
93,482,0,0,0,0
92,504,0,0,0,0
95,482,0,0,0,0
96,505,0,0,0,0
98,482,0,0,0,0
100,505,0,0,0,0
100,482,0,0,0,0
104,506,0,0,0,0
103,483,0,0,0,0
108,506,0,0,0,0
106,483,0,0,0,0
112,506,0,0,0,0
109,483,0,0,0,0
115,505,0,0,0,0
113,483,0,0,0,0
120,505,0,0,0,0
116,483,0,0,0,0
124,504,0,0,0,0
119,482,0,0,0,0
128,504,0,0,0,0
121,481,0,0,0,0
132,503,0,0,0,0
123,480,0,0,0,0
136,502,0,0,0,0
126,478,0,0,0,0
139,500,0,0,0,0
128,477,0,0,0,0
142,497,0,0,0,0
132,475,0,0,0,0
144,493,0,0,0,0
135,472,0,0,0,0
146,488,0,0,0,0
138,470,0,0,0,0
147,480,0,0,0,0
142,468,0,0,0,0
150,478,0,0,0,0
164,482,0,0,0,0
177,486,0,0,0,0
190,491,0,0,0,0
204,495,0,0,0,0
197,510,0,0,0,0
191,525,0,0,0,0
185,540,0,0,0,0
178,555,0,0,0,0
171,568,0,0,0,0
164,582,0,0,0,0
157,595,0,0,0,0
151,608,0,0,0,0
144,622,0,0,0,0
137,635,0,0,0,0
131,650,0,0,0,0
125,665,0,0,0,0
120,680,0,0,0,0
114,694,0,0,0,0
108,709,0,0,0,0
108,725,0,0,0,0
107,740,0,0,0,0
110,754,0,0,0,0
99,760,0,0,0,0
98,743,0,0,0,0
98,726,0,0,0,0
103,709,0,0,0,0
109,693,0,0,0,0
114,677,0,0,0,0
120,661,0,0,0,0
125,645,0,0,0,0
132,629,0,0,0,0
139,614,0,0,0,0
145,599,0,0,0,0
151,584,0,0,0,0
155,568,0,0,0,0
158,552,0,0,0,0
162,539,0,0,0,0
167,532,0,0,0,0
180,522,0,0,0,0
194,514,0,0,0,0
208,505,0,0,0,0
209,509,0,0,0,0
215,509,0,0,0,0
207,525,0,0,0,0
199,540,0,0,0,0
190,554,0,0,0,0
181,569,0,0,0,0
173,584,0,0,0,0
163,599,0,0,0,0
155,614,0,0,0,0
147,629,0,0,0,0
140,645,0,0,0,0
133,661,0,0,0,0
126,676,0,0,0,0
119,692,0,0,0,0
114,709,0,0,0,0
112,726,0,0,0,0
114,743,0,0,0,0
119,759,0,0,0,0
109,756,0,0,0,0
104,758,0,0,0,0
99,760,0,0,0,0
94,763,0,0,0,0
126,763,0,0,0,0
93,760,0,0,0,0
125,759,0,0,0,0
93,756,0,0,0,0
123,755,0,0,0,0
92,752,0,0,0,0
122,752,0,0,0,0
92,749,0,0,0,0
121,748,0,0,0,0
92,745,0,0,0,0
120,744,0,0,0,0
92,741,0,0,0,0
119,740,0,0,0,0
92,737,0,0,0,0
119,736,0,0,0,0
92,733,0,0,0,0
118,732,0,0,0,0
92,729,0,0,0,0
118,729,0,0,0,0
92,726,0,0,0,0
118,725,0,0,0,0
93,722,0,0,0,0
118,721,0,0,0,0
94,718,0,0,0,0
119,718,0,0,0,0
96,714,0,0,0,0
119,714,0,0,0,0
97,710,0,0,0,0
120,711,0,0,0,0
98,706,0,0,0,0
121,707,0,0,0,0
100,702,0,0,0,0
122,704,0,0,0,0
101,698,0,0,0,0
123,701,0,0,0,0
103,695,0,0,0,0
124,697,0,0,0,0
104,691,0,0,0,0
125,693,0,0,0,0
105,687,0,0,0,0
126,690,0,0,0,0
106,683,0,0,0,0
128,686,0,0,0,0
107,679,0,0,0,0
130,682,0,0,0,0
109,676,0,0,0,0
131,679,0,0,0,0
110,672,0,0,0,0
133,675,0,0,0,0
111,668,0,0,0,0
135,672,0,0,0,0
112,664,0,0,0,0
136,668,0,0,0,0
114,660,0,0,0,0
138,664,0,0,0,0
115,657,0,0,0,0
140,661,0,0,0,0
116,653,0,0,0,0
141,657,0,0,0,0
117,649,0,0,0,0
143,653,0,0,0,0
119,646,0,0,0,0
144,649,0,0,0,0
120,642,0,0,0,0
146,646,0,0,0,0
122,638,0,0,0,0
148,642,0,0,0,0
123,634,0,0,0,0
149,638,0,0,0,0
125,631,0,0,0,0
151,635,0,0,0,0
126,627,0,0,0,0
152,631,0,0,0,0
128,623,0,0,0,0
154,628,0,0,0,0
130,620,0,0,0,0
156,624,0,0,0,0
131,616,0,0,0,0
157,621,0,0,0,0
133,612,0,0,0,0
159,617,0,0,0,0
135,609,0,0,0,0
161,614,0,0,0,0
136,605,0,0,0,0
163,610,0,0,0,0
138,601,0,0,0,0
165,607,0,0,0,0
139,598,0,0,0,0
167,604,0,0,0,0
141,594,0,0,0,0
169,600,0,0,0,0
142,590,0,0,0,0
171,597,0,0,0,0
144,586,0,0,0,0
174,594,0,0,0,0
145,583,0,0,0,0
176,591,0,0,0,0
146,579,0,0,0,0
178,587,0,0,0,0
147,575,0,0,0,0
180,584,0,0,0,0
148,572,0,0,0,0
182,581,0,0,0,0
149,568,0,0,0,0
184,577,0,0,0,0
150,564,0,0,0,0
185,574,0,0,0,0
150,560,0,0,0,0
187,571,0,0,0,0
151,556,0,0,0,0
189,567,0,0,0,0
152,553,0,0,0,0
191,564,0,0,0,0
153,549,0,0,0,0
193,561,0,0,0,0
154,545,0,0,0,0
195,558,0,0,0,0
155,541,0,0,0,0
196,554,0,0,0,0
156,538,0,0,0,0
198,551,0,0,0,0
157,534,0,0,0,0
200,548,0,0,0,0
159,530,0,0,0,0
202,545,0,0,0,0
163,527,0,0,0,0
204,542,0,0,0,0
167,525,0,0,0,0
206,539,0,0,0,0
171,522,0,0,0,0
208,535,0,0,0,0
175,519,0,0,0,0
209,532,0,0,0,0
179,517,0,0,0,0
211,529,0,0,0,0
183,514,0,0,0,0
213,526,0,0,0,0
187,511,0,0,0,0
214,523,0,0,0,0
191,509,0,0,0,0
216,520,0,0,0,0
195,506,0,0,0,0
217,518,0,0,0,0
199,504,0,0,0,0
218,515,0,0,0,0
203,502,0,0,0,0
220,512,0,0,0,0
207,499,0,0,0,0
221,510,0,0,0,0
226,501,0,0,0,0
236,498,0,0,0,0
246,495,0,0,0,0
255,503,0,0,0,0
265,510,0,0,0,0
275,518,0,0,0,0
278,534,0,0,0,0
282,550,0,0,0,0
286,567,0,0,0,0
289,583,0,0,0,0
293,599,0,0,0,0
297,616,0,0,0,0
300,632,0,0,0,0
305,648,0,0,0,0
310,664,0,0,0,0
315,680,0,0,0,0
320,696,0,0,0,0
325,711,0,0,0,0
330,725,0,0,0,0
335,740,0,0,0,0
340,754,0,0,0,0
349,760,0,0,0,0
343,744,0,0,0,0
336,728,0,0,0,0
330,712,0,0,0,0
324,697,0,0,0,0
319,681,0,0,0,0
314,664,0,0,0,0
310,648,0,0,0,0
307,632,0,0,0,0
304,616,0,0,0,0
302,600,0,0,0,0
299,584,0,0,0,0
297,568,0,0,0,0
295,552,0,0,0,0
294,536,0,0,0,0
295,525,0,0,0,0
291,511,0,0,0,0
282,500,0,0,0,0
269,507,0,0,0,0
253,508,0,0,0,0
260,524,0,0,0,0
266,541,0,0,0,0
270,558,0,0,0,0
275,575,0,0,0,0
280,591,0,0,0,0
285,608,0,0,0,0
290,625,0,0,0,0
295,642,0,0,0,0
300,658,0,0,0,0
306,675,0,0,0,0
311,692,0,0,0,0
317,709,0,0,0,0
322,725,0,0,0,0
327,742,0,0,0,0
332,759,0,0,0,0
339,755,0,0,0,0
349,760,0,0,0,0
357,764,0,0,0,0
327,763,0,0,0,0
355,760,0,0,0,0
326,759,0,0,0,0
354,756,0,0,0,0
325,755,0,0,0,0
352,752,0,0,0,0
324,752,0,0,0,0
351,748,0,0,0,0
323,748,0,0,0,0
349,744,0,0,0,0
322,744,0,0,0,0
347,740,0,0,0,0
321,741,0,0,0,0
346,736,0,0,0,0
319,737,0,0,0,0
344,732,0,0,0,0
318,733,0,0,0,0
343,728,0,0,0,0
317,729,0,0,0,0
341,724,0,0,0,0
316,726,0,0,0,0
339,721,0,0,0,0
315,722,0,0,0,0
338,717,0,0,0,0
314,718,0,0,0,0
336,713,0,0,0,0
313,715,0,0,0,0
335,709,0,0,0,0
311,711,0,0,0,0
333,705,0,0,0,0
310,707,0,0,0,0
332,701,0,0,0,0
309,704,0,0,0,0
330,698,0,0,0,0
308,700,0,0,0,0
329,694,0,0,0,0
307,696,0,0,0,0
328,690,0,0,0,0
305,692,0,0,0,0
326,686,0,0,0,0
304,689,0,0,0,0
325,683,0,0,0,0
303,685,0,0,0,0
324,679,0,0,0,0
301,681,0,0,0,0
323,675,0,0,0,0
300,677,0,0,0,0
322,671,0,0,0,0
299,673,0,0,0,0
321,667,0,0,0,0
298,670,0,0,0,0
320,663,0,0,0,0
296,666,0,0,0,0
319,660,0,0,0,0
295,662,0,0,0,0
318,656,0,0,0,0
294,658,0,0,0,0
317,652,0,0,0,0
293,655,0,0,0,0
316,648,0,0,0,0
292,651,0,0,0,0
315,644,0,0,0,0
291,647,0,0,0,0
315,640,0,0,0,0
290,643,0,0,0,0
314,636,0,0,0,0
289,640,0,0,0,0
313,633,0,0,0,0
288,636,0,0,0,0
312,629,0,0,0,0
287,632,0,0,0,0
311,625,0,0,0,0
286,629,0,0,0,0
311,621,0,0,0,0
285,625,0,0,0,0
310,617,0,0,0,0
283,621,0,0,0,0
310,613,0,0,0,0
282,617,0,0,0,0
309,610,0,0,0,0
281,614,0,0,0,0
308,606,0,0,0,0
280,610,0,0,0,0
308,602,0,0,0,0
279,606,0,0,0,0
307,598,0,0,0,0
277,602,0,0,0,0
307,594,0,0,0,0
276,598,0,0,0,0
306,590,0,0,0,0
275,595,0,0,0,0
306,587,0,0,0,0
274,591,0,0,0,0
305,583,0,0,0,0
273,587,0,0,0,0
304,579,0,0,0,0
272,583,0,0,0,0
304,575,0,0,0,0
270,580,0,0,0,0
303,571,0,0,0,0
269,576,0,0,0,0
302,567,0,0,0,0
268,573,0,0,0,0
302,563,0,0,0,0
267,569,0,0,0,0
301,560,0,0,0,0
266,565,0,0,0,0
301,556,0,0,0,0
265,562,0,0,0,0
301,552,0,0,0,0
264,558,0,0,0,0
300,548,0,0,0,0
263,555,0,0,0,0
300,545,0,0,0,0
262,551,0,0,0,0
300,541,0,0,0,0
262,548,0,0,0,0
300,537,0,0,0,0
261,544,0,0,0,0
300,533,0,0,0,0
260,541,0,0,0,0
300,529,0,0,0,0
259,538,0,0,0,0
300,525,0,0,0,0
258,534,0,0,0,0
300,521,0,0,0,0
257,531,0,0,0,0
301,517,0,0,0,0
256,527,0,0,0,0
299,514,0,0,0,0
255,525,0,0,0,0
297,511,0,0,0,0
253,522,0,0,0,0
295,508,0,0,0,0
252,519,0,0,0,0
293,504,0,0,0,0
251,516,0,0,0,0
290,501,0,0,0,0
249,513,0,0,0,0
287,499,0,0,0,0
247,510,0,0,0,0
284,496,0,0,0,0
245,506,0,0,0,0
238,498,0,0,0,0
246,484,0,0,0,0
254,470,0,0,0,0
262,455,0,0,0,0
271,441,0,0,0,0
274,424,0,0,0,0
276,407,0,0,0,0
279,389,0,0,0,0
282,372,0,0,0,0
285,355,0,0,0,0
285,337,0,0,0,0
283,319,0,0,0,0
279,302,0,0,0,0
275,285,0,0,0,0
272,267,0,0,0,0
270,250,0,0,0,0
270,232,0,0,0,0
270,214,0,0,0,0
271,197,0,0,0,0
273,179,0,0,0,0
276,161,0,0,0,0
279,144,0,0,0,0
282,127,0,0,0,0
286,109,0,0,0,0
290,92,0,0,0,0
295,75,0,0,0,0
301,58,0,0,0,0
308,42,0,0,0,0
315,26,0,0,0,0
321,14,0,0,0,0
315,9,0,0,0,0
322,11,0,0,0,0
316,27,0,0,0,0
319,19,0,0,0,0
322,12,0,0,0,0
320,6,0,0,0,0
330,11,0,0,0,0
311,7,0,0,0,0
333,15,0,0,0,0
309,10,0,0,0,0
333,19,0,0,0,0
308,13,0,0,0,0
331,23,0,0,0,0
308,17,0,0,0,0
329,25,0,0,0,0
306,21,0,0,0,0
328,27,0,0,0,0
306,24,0,0,0,0
326,31,0,0,0,0
306,27,0,0,0,0
325,35,0,0,0,0
315,40,0,0,0,0
307,45,0,0,0,0
294,33,0,0,0,0
280,21,0,0,0,0
275,14,0,0,0,0
269,6,0,0,0,0
280,10,0,0,0,0
287,13,0,0,0,0
294,22,0,0,0,0
303,30,0,0,0,0
295,35,0,0,0,0
294,43,0,0,0,0
279,40,0,0,0,0
270,34,0,0,0,0
265,28,0,0,0,0
264,20,0,0,0,0
262,12,0,0,0,0
267,12,0,0,0,0
269,5,0,0,0,0
270,0,0,0,0,0
262,7,0,0,0,0
273,1,0,0,0,0
258,16,0,0,0,0
276,2,0,0,0,0
258,22,0,0,0,0
280,4,0,0,0,0
259,27,0,0,0,0
283,5,0,0,0,0
260,31,0,0,0,0
287,7,0,0,0,0
262,34,0,0,0,0
290,8,0,0,0,0
265,37,0,0,0,0
294,11,0,0,0,0
268,40,0,0,0,0
296,13,0,0,0,0
271,42,0,0,0,0
297,16,0,0,0,0
274,44,0,0,0,0
299,19,0,0,0,0
278,45,0,0,0,0
301,21,0,0,0,0
282,46,0,0,0,0
303,24,0,0,0,0
286,47,0,0,0,0
306,26,0,0,0,0
290,48,0,0,0,0
309,27,0,0,0,0
295,47,0,0,0,0
306,45,0,0,0,0
321,51,0,0,0,0
336,58,0,0,0,0
351,65,0,0,0,0
366,72,0,0,0,0
359,60,0,0,0,0
347,50,0,0,0,0
334,42,0,0,0,0
320,35,0,0,0,0
311,32,0,0,0,0
300,31,0,0,0,0
298,41,0,0,0,0
296,44,0,0,0,0
292,47,0,0,0,0
295,52,0,0,0,0
297,58,0,0,0,0
302,62,0,0,0,0
317,63,0,0,0,0
334,66,0,0,0,0
350,71,0,0,0,0
367,74,0,0,0,0
365,70,0,0,0,0
369,71,0,0,0,0
374,70,0,0,0,0
369,79,0,0,0,0
371,66,0,0,0,0
365,79,0,0,0,0
369,62,0,0,0,0
361,79,0,0,0,0
366,59,0,0,0,0
357,78,0,0,0,0
363,56,0,0,0,0
353,77,0,0,0,0
360,53,0,0,0,0
349,76,0,0,0,0
357,50,0,0,0,0
345,75,0,0,0,0
354,48,0,0,0,0
342,74,0,0,0,0
351,46,0,0,0,0
338,73,0,0,0,0
348,43,0,0,0,0
334,72,0,0,0,0
345,41,0,0,0,0
331,71,0,0,0,0
341,39,0,0,0,0
327,70,0,0,0,0
338,37,0,0,0,0
324,69,0,0,0,0
334,35,0,0,0,0
320,69,0,0,0,0
331,34,0,0,0,0
316,68,0,0,0,0
327,32,0,0,0,0
312,68,0,0,0,0
324,30,0,0,0,0
307,68,0,0,0,0
321,29,0,0,0,0
303,68,0,0,0,0
317,28,0,0,0,0
299,67,0,0,0,0
301,44,0,0,0,0
296,39,0,0,0,0
290,42,0,0,0,0
297,30,0,0,0,0
289,52,0,0,0,0
303,26,0,0,0,0
290,58,0,0,0,0
307,26,0,0,0,0
292,62,0,0,0,0
310,26,0,0,0,0
296,65,0,0,0,0
314,27,0,0,0,0
299,67,0,0,0,0
292,56,0,0,0,0
285,73,0,0,0,0
280,89,0,0,0,0
274,106,0,0,0,0
270,123,0,0,0,0
266,140,0,0,0,0
262,157,0,0,0,0
259,174,0,0,0,0
257,191,0,0,0,0
255,208,0,0,0,0
253,226,0,0,0,0
252,243,0,0,0,0
252,261,0,0,0,0
252,278,0,0,0,0
252,295,0,0,0,0
253,313,0,0,0,0
254,330,0,0,0,0
256,348,0,0,0,0
258,365,0,0,0,0
270,362,0,0,0,0
277,360,0,0,0,0
289,360,0,0,0,0
302,360,0,0,0,0
298,343,0,0,0,0
295,326,0,0,0,0
292,309,0,0,0,0
289,292,0,0,0,0
287,274,0,0,0,0
286,257,0,0,0,0
285,240,0,0,0,0
284,222,0,0,0,0
284,205,0,0,0,0
285,187,0,0,0,0
286,170,0,0,0,0
289,153,0,0,0,0
292,136,0,0,0,0
296,118,0,0,0,0
300,101,0,0,0,0
305,85,0,0,0,0
310,68,0,0,0,0
299,65,0,0,0,0
292,56,0,0,0,0
288,49,0,0,0,0
315,68,0,0,0,0
287,53,0,0,0,0
314,71,0,0,0,0
285,57,0,0,0,0
314,74,0,0,0,0
284,61,0,0,0,0
313,77,0,0,0,0
282,64,0,0,0,0
312,80,0,0,0,0
281,68,0,0,0,0
311,84,0,0,0,0
280,72,0,0,0,0
310,87,0,0,0,0
278,76,0,0,0,0
309,90,0,0,0,0
277,79,0,0,0,0
308,93,0,0,0,0
276,83,0,0,0,0
307,96,0,0,0,0
274,87,0,0,0,0
307,99,0,0,0,0
273,91,0,0,0,0
306,102,0,0,0,0
272,94,0,0,0,0
305,106,0,0,0,0
271,98,0,0,0,0
304,109,0,0,0,0
270,102,0,0,0,0
304,112,0,0,0,0
268,106,0,0,0,0
303,115,0,0,0,0
267,110,0,0,0,0
302,118,0,0,0,0
266,113,0,0,0,0
301,122,0,0,0,0
265,117,0,0,0,0
300,125,0,0,0,0
264,121,0,0,0,0
300,129,0,0,0,0
263,125,0,0,0,0
299,132,0,0,0,0
262,129,0,0,0,0
298,136,0,0,0,0
262,132,0,0,0,0
297,139,0,0,0,0
261,136,0,0,0,0
297,143,0,0,0,0
260,140,0,0,0,0
296,146,0,0,0,0
259,144,0,0,0,0
295,150,0,0,0,0
258,148,0,0,0,0
295,153,0,0,0,0
257,152,0,0,0,0
294,157,0,0,0,0
257,156,0,0,0,0
293,160,0,0,0,0
256,159,0,0,0,0
293,164,0,0,0,0
255,163,0,0,0,0
292,167,0,0,0,0
255,167,0,0,0,0
292,171,0,0,0,0
254,171,0,0,0,0
291,174,0,0,0,0
253,175,0,0,0,0
291,178,0,0,0,0
253,179,0,0,0,0
291,182,0,0,0,0
252,183,0,0,0,0
290,185,0,0,0,0
252,187,0,0,0,0
290,189,0,0,0,0
251,191,0,0,0,0
290,193,0,0,0,0
251,195,0,0,0,0
290,197,0,0,0,0
250,198,0,0,0,0
290,200,0,0,0,0
250,202,0,0,0,0
290,204,0,0,0,0
249,206,0,0,0,0
290,208,0,0,0,0
249,210,0,0,0,0
290,212,0,0,0,0
249,214,0,0,0,0
290,216,0,0,0,0
248,218,0,0,0,0
290,219,0,0,0,0
248,222,0,0,0,0
290,223,0,0,0,0
248,226,0,0,0,0
290,227,0,0,0,0
247,230,0,0,0,0
290,231,0,0,0,0
247,234,0,0,0,0
290,235,0,0,0,0
247,238,0,0,0,0
291,238,0,0,0,0
247,242,0,0,0,0
291,242,0,0,0,0
247,246,0,0,0,0
291,246,0,0,0,0
246,249,0,0,0,0
291,249,0,0,0,0
246,253,0,0,0,0
291,253,0,0,0,0
246,257,0,0,0,0
292,256,0,0,0,0
246,261,0,0,0,0
292,260,0,0,0,0
246,265,0,0,0,0
292,264,0,0,0,0
246,269,0,0,0,0
293,267,0,0,0,0
246,273,0,0,0,0
293,271,0,0,0,0
246,277,0,0,0,0
293,274,0,0,0,0
246,281,0,0,0,0
294,278,0,0,0,0
246,285,0,0,0,0
294,281,0,0,0,0
246,289,0,0,0,0
294,285,0,0,0,0
246,293,0,0,0,0
295,288,0,0,0,0
246,297,0,0,0,0
295,292,0,0,0,0
246,301,0,0,0,0
296,295,0,0,0,0
247,305,0,0,0,0
296,299,0,0,0,0
247,309,0,0,0,0
297,302,0,0,0,0
247,313,0,0,0,0
297,306,0,0,0,0
247,316,0,0,0,0
298,309,0,0,0,0
248,320,0,0,0,0
298,313,0,0,0,0
248,324,0,0,0,0
299,317,0,0,0,0
248,328,0,0,0,0
299,321,0,0,0,0
248,332,0,0,0,0
300,325,0,0,0,0
249,336,0,0,0,0
301,329,0,0,0,0
249,340,0,0,0,0
301,333,0,0,0,0
249,344,0,0,0,0
302,336,0,0,0,0
250,348,0,0,0,0
303,340,0,0,0,0
250,352,0,0,0,0
304,344,0,0,0,0
251,355,0,0,0,0
305,348,0,0,0,0
251,359,0,0,0,0
305,352,0,0,0,0
252,362,0,0,0,0
306,356,0,0,0,0
252,366,0,0,0,0
307,360,0,0,0,0
253,369,0,0,0,0
308,364,0,0,0,0
257,366,0,0,0,0
252,369,0,0,0,0
242,382,0,0,0,0
240,389,0,0,0,0
238,403,0,0,0,0
240,419,0,0,0,0
241,435,0,0,0,0
246,451,0,0,0,0
252,464,0,0,0,0
260,478,0,0,0,0
266,487,0,0,0,0
269,498,0,0,0,0
265,496,0,0,0,0
268,492,0,0,0,0
259,479,0,0,0,0
254,467,0,0,0,0
251,451,0,0,0,0
250,435,0,0,0,0
249,419,0,0,0,0
250,405,0,0,0,0
252,395,0,0,0,0
262,382,0,0,0,0
263,376,0,0,0,0
264,369,0,0,0,0
253,371,0,0,0,0
241,380,0,0,0,0
231,391,0,0,0,0
221,403,0,0,0,0
211,414,0,0,0,0
202,424,0,0,0,0
189,433,0,0,0,0
177,442,0,0,0,0
165,451,0,0,0,0
170,454,0,0,0,0
180,451,0,0,0,0
193,451,0,0,0,0
204,454,0,0,0,0
215,462,0,0,0,0
216,475,0,0,0,0
213,488,0,0,0,0
210,501,0,0,0,0
218,505,0,0,0,0
230,505,0,0,0,0
241,505,0,0,0,0
252,503,0,0,0,0
264,500,0,0,0,0
265,496,0,0,0,0
252,500,0,0,0,0
229,505,0,0,0,0
219,506,0,0,0,0
210,501,0,0,0,0
240,492,0,0,0,0
264,487,0,0,0,0
258,478,0,0,0,0
228,485,0,0,0,0
213,489,0,0,0,0
216,478,0,0,0,0
254,468,0,0,0,0
252,459,0,0,0,0
242,461,0,0,0,0
215,468,0,0,0,0
210,459,0,0,0,0
230,454,0,0,0,0
250,449,0,0,0,0
250,438,0,0,0,0
218,446,0,0,0,0
196,452,0,0,0,0
183,448,0,0,0,0
169,448,0,0,0,0
206,439,0,0,0,0
245,429,0,0,0,0
250,428,0,0,0,0
249,418,0,0,0,0
233,422,0,0,0,0
194,432,0,0,0,0
190,432,0,0,0,0
207,418,0,0,0,0
221,415,0,0,0,0
250,408,0,0,0,0
251,397,0,0,0,0
247,398,0,0,0,0
219,405,0,0,0,0
230,392,0,0,0,0
235,391,0,0,0,0
260,385,0,0,0,0
263,379,0,0,0,0
263,373,0,0,0,0
259,374,0,0,0,0
243,378,0,0,0,0
263,373,0,0,0,0
268,367,0,0,0,0
267,363,0,0,0,0
267,370,0,0,0,0
267,379,0,0,0,0
265,368,0,0,0,0
263,364,0,0,0,0
265,377,0,0,0,0
265,387,0,0,0,0
264,383,0,0,0,0
259,364,0,0,0,0
258,368,0,0,0,0
263,387,0,0,0,0
262,391,0,0,0,0
257,370,0,0,0,0
255,365,0,0,0,0
257,378,0,0,0,0
259,395,0,0,0,0
257,387,0,0,0,0
251,365,0,0,0,0
256,393,0,0,0,0
256,399,0,0,0,0
249,372,0,0,0,0
248,368,0,0,0,0
249,380,0,0,0,0
254,409,0,0,0,0
249,389,0,0,0,0
244,370,0,0,0,0
249,397,0,0,0,0
254,426,0,0,0,0
249,406,0,0,0,0
242,377,0,0,0,0
241,373,0,0,0,0
241,382,0,0,0,0
249,414,0,0,0,0
255,445,0,0,0,0
249,423,0,0,0,0
241,391,0,0,0,0
237,375,0,0,0,0
241,399,0,0,0,0
249,431,0,0,0,0
257,463,0,0,0,0
257,470,0,0,0,0
249,440,0,0,0,0
241,408,0,0,0,0
234,379,0,0,0,0
227,400,0,0,0,0
217,422,0,0,0,0
205,442,0,0,0,0
195,439,0,0,0,0
179,441,0,0,0,0
164,448,0,0,0,0
157,450,0,0,0,0
158,454,0,0,0,0
160,448,0,0,0,0
162,456,0,0,0,0
163,451,0,0,0,0
164,445,0,0,0,0
167,459,0,0,0,0
168,455,0,0,0,0
166,446,0,0,0,0
167,443,0,0,0,0
171,455,0,0,0,0
172,459,0,0,0,0
171,450,0,0,0,0
171,440,0,0,0,0
172,444,0,0,0,0
175,458,0,0,0,0
176,454,0,0,0,0
173,441,0,0,0,0
174,438,0,0,0,0
179,457,0,0,0,0
179,449,0,0,0,0
178,435,0,0,0,0
179,440,0,0,0,0
183,456,0,0,0,0
184,453,0,0,0,0
180,436,0,0,0,0
181,432,0,0,0,0
186,452,0,0,0,0
187,456,0,0,0,0
187,447,0,0,0,0
185,430,0,0,0,0
187,438,0,0,0,0
191,456,0,0,0,0
188,432,0,0,0,0
188,427,0,0,0,0
195,453,0,0,0,0
196,457,0,0,0,0
195,445,0,0,0,0
192,424,0,0,0,0
195,436,0,0,0,0
200,458,0,0,0,0
195,428,0,0,0,0
195,422,0,0,0,0
202,451,0,0,0,0
205,461,0,0,0,0
202,443,0,0,0,0
199,419,0,0,0,0
202,434,0,0,0,0
210,465,0,0,0,0
210,458,0,0,0,0
202,426,0,0,0,0
201,419,0,0,0,0
217,434,0,0,0,0
232,449,0,0,0,0
246,465,0,0,0,0
256,478,0,0,0,0
269,488,0,0,0,0
272,493,0,0,0,0
271,496,0,0,0,0
269,485,0,0,0,0
266,481,0,0,0,0
270,498,0,0,0,0
268,502,0,0,0,0
265,487,0,0,0,0
262,476,0,0,0,0
265,495,0,0,0,0
265,505,0,0,0,0
264,501,0,0,0,0
257,472,0,0,0,0
249,440,0,0,0,0
241,408,0,0,0,0
234,379,0,0,0,0
234,385,0,0,0,0
241,416,0,0,0,0
249,448,0,0,0,0
257,480,0,0,0,0
261,506,0,0,0,0
257,489,0,0,0,0
249,457,0,0,0,0
241,425,0,0,0,0
233,393,0,0,0,0
231,383,0,0,0,0
233,401,0,0,0,0
241,433,0,0,0,0
249,465,0,0,0,0
257,497,0,0,0,0
257,507,0,0,0,0
256,503,0,0,0,0
249,474,0,0,0,0
241,442,0,0,0,0
234,410,0,0,0,0
228,386,0,0,0,0
234,418,0,0,0,0
241,450,0,0,0,0
249,482,0,0,0,0
254,508,0,0,0,0
249,491,0,0,0,0
241,459,0,0,0,0
234,427,0,0,0,0
226,395,0,0,0,0
225,390,0,0,0,0
226,403,0,0,0,0
234,435,0,0,0,0
241,467,0,0,0,0
249,499,0,0,0,0
250,509,0,0,0,0
249,505,0,0,0,0
241,476,0,0,0,0
234,444,0,0,0,0
226,412,0,0,0,0
221,394,0,0,0,0
226,420,0,0,0,0
234,452,0,0,0,0
242,484,0,0,0,0
246,510,0,0,0,0
242,493,0,0,0,0
234,461,0,0,0,0
226,429,0,0,0,0
218,398,0,0,0,0
218,405,0,0,0,0
226,437,0,0,0,0
234,469,0,0,0,0
242,501,0,0,0,0
242,511,0,0,0,0
241,507,0,0,0,0
234,478,0,0,0,0
226,446,0,0,0,0
218,414,0,0,0,0
215,401,0,0,0,0
218,422,0,0,0,0
226,454,0,0,0,0
234,486,0,0,0,0
238,511,0,0,0,0
234,495,0,0,0,0
226,463,0,0,0,0
218,431,0,0,0,0
212,405,0,0,0,0
211,411,0,0,0,0
218,439,0,0,0,0
226,471,0,0,0,0
234,503,0,0,0,0
234,511,0,0,0,0
226,480,0,0,0,0
218,448,0,0,0,0
210,415,0,0,0,0
208,408,0,0,0,0
210,424,0,0,0,0
218,456,0,0,0,0
226,488,0,0,0,0
230,511,0,0,0,0
226,497,0,0,0,0
218,464,0,0,0,0
210,432,0,0,0,0
205,412,0,0,0,0
210,441,0,0,0,0
218,473,0,0,0,0
226,505,0,0,0,0
225,511,0,0,0,0
218,481,0,0,0,0
210,449,0,0,0,0
203,420,0,0,0,0
202,416,0,0,0,0
202,426,0,0,0,0
210,458,0,0,0,0
218,490,0,0,0,0
221,511,0,0,0,0
218,498,0,0,0,0
211,470,0,0,0,0
211,477,0,0,0,0
218,507,0,0,0,0
217,511,0,0,0,0
211,486,0,0,0,0
210,482,0,0,0,0
210,492,0,0,0,0
212,508,0,0,0,0
210,500,0,0,0,0
208,491,0,0,0,0
208,499,0,0,0,0
208,506,0,0,0,0
208,498,0,0,0,0
208,491,0,0,0,0
210,500,0,0,0,0
212,508,0,0,0,0
199,505,0,0,0,0
182,511,0,0,0,0
166,518,0,0,0,0
150,526,0,0,0,0
135,536,0,0,0,0
121,548,0,0,0,0
108,560,0,0,0,0
97,573,0,0,0,0
86,588,0,0,0,0
76,603,0,0,0,0
69,619,0,0,0,0
61,635,0,0,0,0
55,652,0,0,0,0
49,669,0,0,0,0
42,685,0,0,0,0
33,701,0,0,0,0
24,716,0,0,0,0
15,730,0,0,0,0
7,730,0,0,0,0
17,717,0,0,0,0
26,702,0,0,0,0
34,687,0,0,0,0
40,671,0,0,0,0
47,656,0,0,0,0
53,640,0,0,0,0
58,623,0,0,0,0
65,608,0,0,0,0
74,593,0,0,0,0
84,579,0,0,0,0
94,565,0,0,0,0
104,551,0,0,0,0
113,537,0,0,0,0
121,522,0,0,0,0
128,530,0,0,0,0
132,534,0,0,0,0
141,539,0,0,0,0
150,543,0,0,0,0
137,555,0,0,0,0
124,565,0,0,0,0
110,576,0,0,0,0
98,588,0,0,0,0
87,602,0,0,0,0
77,616,0,0,0,0
68,630,0,0,0,0
60,646,0,0,0,0
55,662,0,0,0,0
48,678,0,0,0,0
42,694,0,0,0,0
36,710,0,0,0,0
29,726,0,0,0,0
21,741,0,0,0,0
16,733,0,0,0,0
7,730,0,0,0,0
0,729,0,0,0,0
23,748,0,0,0,0
2,727,0,0,0,0
25,745,0,0,0,0
4,724,0,0,0,0
27,741,0,0,0,0
6,722,0,0,0,0
29,738,0,0,0,0
8,719,0,0,0,0
31,734,0,0,0,0
10,717,0,0,0,0
33,731,0,0,0,0
12,714,0,0,0,0
34,727,0,0,0,0
13,711,0,0,0,0
36,724,0,0,0,0
15,709,0,0,0,0
38,720,0,0,0,0
17,706,0,0,0,0
39,716,0,0,0,0
18,704,0,0,0,0
41,713,0,0,0,0
20,701,0,0,0,0
42,709,0,0,0,0
21,698,0,0,0,0
44,705,0,0,0,0
23,695,0,0,0,0
45,701,0,0,0,0
25,693,0,0,0,0
47,698,0,0,0,0
26,690,0,0,0,0
48,694,0,0,0,0
28,686,0,0,0,0
49,690,0,0,0,0
30,682,0,0,0,0
51,687,0,0,0,0
31,679,0,0,0,0
52,684,0,0,0,0
33,675,0,0,0,0
54,680,0,0,0,0
34,671,0,0,0,0
55,677,0,0,0,0
36,668,0,0,0,0
57,673,0,0,0,0
37,664,0,0,0,0
58,670,0,0,0,0
39,660,0,0,0,0
59,666,0,0,0,0
40,657,0,0,0,0
60,663,0,0,0,0
42,653,0,0,0,0
62,659,0,0,0,0
43,650,0,0,0,0
63,656,0,0,0,0
45,646,0,0,0,0
64,652,0,0,0,0
46,642,0,0,0,0
66,648,0,0,0,0
47,639,0,0,0,0
67,645,0,0,0,0
49,635,0,0,0,0
69,641,0,0,0,0
50,631,0,0,0,0
70,638,0,0,0,0
51,627,0,0,0,0
72,635,0,0,0,0
52,623,0,0,0,0
73,632,0,0,0,0
53,620,0,0,0,0
75,630,0,0,0,0
54,616,0,0,0,0
77,627,0,0,0,0
56,612,0,0,0,0
79,623,0,0,0,0
58,609,0,0,0,0
81,620,0,0,0,0
60,606,0,0,0,0
83,617,0,0,0,0
62,602,0,0,0,0
86,614,0,0,0,0
64,599,0,0,0,0
87,611,0,0,0,0
66,596,0,0,0,0
89,608,0,0,0,0
68,592,0,0,0,0
91,606,0,0,0,0
70,589,0,0,0,0
93,603,0,0,0,0
72,586,0,0,0,0
95,601,0,0,0,0
75,582,0,0,0,0
97,598,0,0,0,0
77,579,0,0,0,0
99,596,0,0,0,0
79,576,0,0,0,0
102,593,0,0,0,0
81,572,0,0,0,0
104,591,0,0,0,0
84,569,0,0,0,0
106,588,0,0,0,0
86,566,0,0,0,0
109,586,0,0,0,0
88,563,0,0,0,0
111,583,0,0,0,0
91,560,0,0,0,0
114,581,0,0,0,0
93,557,0,0,0,0
117,578,0,0,0,0
95,554,0,0,0,0
120,576,0,0,0,0
97,551,0,0,0,0
123,573,0,0,0,0
99,548,0,0,0,0
126,571,0,0,0,0
101,545,0,0,0,0
129,568,0,0,0,0
103,542,0,0,0,0
133,566,0,0,0,0
105,539,0,0,0,0
136,563,0,0,0,0
107,536,0,0,0,0
139,560,0,0,0,0
109,533,0,0,0,0
142,558,0,0,0,0
111,529,0,0,0,0
145,555,0,0,0,0
113,526,0,0,0,0
148,552,0,0,0,0
115,522,0,0,0,0
152,549,0,0,0,0
117,519,0,0,0,0
155,547,0,0,0,0
119,515,0,0,0,0
158,544,0,0,0,0
154,545,0,0,0,0
165,539,0,0,0,0
176,533,0,0,0,0
187,527,0,0,0,0
200,515,0,0,0,0
213,505,0,0,0,0
224,491,0,0,0,0
229,474,0,0,0,0
228,463,0,0,0,0
224,453,0,0,0,0
214,440,0,0,0,0
207,435,0,0,0,0
199,433,0,0,0,0
191,435,0,0,0,0
177,443,0,0,0,0
163,452,0,0,0,0
154,460,0,0,0,0
144,470,0,0,0,0
135,485,0,0,0,0
129,500,0,0,0,0
125,516,0,0,0,0
135,524,0,0,0,0
145,532,0,0,0,0
155,541,0,0,0,0
170,532,0,0,0,0
185,524,0,0,0,0
195,514,0,0,0,0
223,485,0,0,0,0
227,482,0,0,0,0
228,466,0,0,0,0
209,485,0,0,0,0
181,514,0,0,0,0
154,540,0,0,0,0
146,534,0,0,0,0
167,514,0,0,0,0
195,485,0,0,0,0
223,458,0,0,0,0
225,455,0,0,0,0
202,464,0,0,0,0
179,474,0,0,0,0
156,483,0,0,0,0
132,491,0,0,0,0
138,486,0,0,0,0
167,457,0,0,0,0
187,436,0,0,0,0
195,433,0,0,0,0
204,434,0,0,0,0
181,457,0,0,0,0
152,486,0,0,0,0
126,512,0,0,0,0
125,516,0,0,0,0
131,521,0,0,0,0
138,514,0,0,0,0
167,485,0,0,0,0
195,457,0,0,0,0
213,439,0,0,0,0
220,446,0,0,0,0
209,457,0,0,0,0
181,485,0,0,0,0
152,514,0,0,0,0
139,528,0,0,0,0
146,534,0,0,0,0
119,514,0,0,0,0
122,517,0,0,0,0
135,529,0,0,0,0
139,531,0,0,0,0
121,510,0,0,0,0
134,523,0,0,0,0
157,546,0,0,0,0
153,539,0,0,0,0
130,516,0,0,0,0
122,505,0,0,0,0
125,509,0,0,0,0
149,532,0,0,0,0
161,544,0,0,0,0
144,525,0,0,0,0
123,501,0,0,0,0
140,518,0,0,0,0
161,539,0,0,0,0
164,542,0,0,0,0
159,534,0,0,0,0
135,510,0,0,0,0
124,497,0,0,0,0
131,503,0,0,0,0
154,527,0,0,0,0
168,540,0,0,0,0
150,519,0,0,0,0
128,497,0,0,0,0
126,493,0,0,0,0
146,512,0,0,0,0
169,535,0,0,0,0
172,538,0,0,0,0
164,528,0,0,0,0
141,505,0,0,0,0
128,489,0,0,0,0
137,498,0,0,0,0
160,521,0,0,0,0
175,536,0,0,0,0
156,514,0,0,0,0
132,490,0,0,0,0
129,484,0,0,0,0
151,506,0,0,0,0
175,530,0,0,0,0
179,534,0,0,0,0
170,522,0,0,0,0
147,499,0,0,0,0
131,481,0,0,0,0
142,492,0,0,0,0
166,515,0,0,0,0
182,532,0,0,0,0
161,508,0,0,0,0
138,485,0,0,0,0
133,477,0,0,0,0
136,480,0,0,0,0
157,501,0,0,0,0
180,524,0,0,0,0
186,530,0,0,0,0
176,517,0,0,0,0
152,493,0,0,0,0
135,473,0,0,0,0
148,486,0,0,0,0
171,510,0,0,0,0
190,528,0,0,0,0
188,524,0,0,0,0
167,502,0,0,0,0
144,479,0,0,0,0
137,470,0,0,0,0
140,473,0,0,0,0
162,495,0,0,0,0
186,518,0,0,0,0
193,526,0,0,0,0
181,511,0,0,0,0
158,488,0,0,0,0
140,467,0,0,0,0
154,481,0,0,0,0
177,504,0,0,0,0
197,524,0,0,0,0
196,520,0,0,0,0
173,497,0,0,0,0
149,473,0,0,0,0
142,464,0,0,0,0
145,466,0,0,0,0
168,489,0,0,0,0
192,513,0,0,0,0
200,521,0,0,0,0
187,505,0,0,0,0
164,482,0,0,0,0
145,461,0,0,0,0
159,475,0,0,0,0
183,498,0,0,0,0
204,519,0,0,0,0
202,514,0,0,0,0
178,491,0,0,0,0
155,468,0,0,0,0
148,458,0,0,0,0
151,461,0,0,0,0
174,484,0,0,0,0
197,507,0,0,0,0
207,517,0,0,0,0
193,500,0,0,0,0
169,476,0,0,0,0
150,455,0,0,0,0
165,469,0,0,0,0
188,493,0,0,0,0
210,515,0,0,0,0
207,509,0,0,0,0
184,485,0,0,0,0
160,462,0,0,0,0
153,452,0,0,0,0
156,455,0,0,0,0
179,478,0,0,0,0
203,501,0,0,0,0
213,512,0,0,0,0
198,494,0,0,0,0
175,471,0,0,0,0
157,450,0,0,0,0
171,464,0,0,0,0
194,487,0,0,0,0
217,509,0,0,0,0
213,503,0,0,0,0
190,480,0,0,0,0
166,456,0,0,0,0
160,447,0,0,0,0
163,450,0,0,0,0
185,472,0,0,0,0
208,496,0,0,0,0
220,507,0,0,0,0
204,488,0,0,0,0
181,465,0,0,0,0
163,445,0,0,0,0
176,458,0,0,0,0
200,481,0,0,0,0
222,504,0,0,0,0
219,497,0,0,0,0
195,474,0,0,0,0
172,451,0,0,0,0
167,443,0,0,0,0
169,446,0,0,0,0
191,467,0,0,0,0
214,490,0,0,0,0
224,500,0,0,0,0
210,483,0,0,0,0
186,459,0,0,0,0
170,440,0,0,0,0
182,452,0,0,0,0
205,476,0,0,0,0
227,497,0,0,0,0
224,492,0,0,0,0
201,468,0,0,0,0
177,445,0,0,0,0
173,438,0,0,0,0
196,461,0,0,0,0
220,484,0,0,0,0
229,494,0,0,0,0
215,477,0,0,0,0
192,454,0,0,0,0
177,436,0,0,0,0
188,447,0,0,0,0
211,470,0,0,0,0
230,489,0,0,0,0
228,484,0,0,0,0
206,463,0,0,0,0
183,439,0,0,0,0
180,434,0,0,0,0
202,455,0,0,0,0
225,479,0,0,0,0
232,485,0,0,0,0
221,471,0,0,0,0
198,448,0,0,0,0
184,432,0,0,0,0
193,441,0,0,0,0
217,464,0,0,0,0
233,480,0,0,0,0
212,457,0,0,0,0
189,434,0,0,0,0
188,430,0,0,0,0
208,450,0,0,0,0
231,473,0,0,0,0
234,476,0,0,0,0
227,466,0,0,0,0
203,442,0,0,0,0
192,428,0,0,0,0
199,435,0,0,0,0
222,459,0,0,0,0
234,470,0,0,0,0
218,451,0,0,0,0
197,428,0,0,0,0
213,444,0,0,0,0
234,464,0,0,0,0
212,440,0,0,0,0
209,437,0,0,0,0
204,429,0,0,0,0
207,432,0,0,0,0
228,453,0,0,0,0
231,456,0,0,0,0
223,446,0,0,0,0
220,443,0,0,0,0
208,430,0,0,0,0
218,440,0,0,0,0
216,436,0,0,0,0
223,446,0,0,0,0
226,448,0,0,0,0
246,445,0,0,0,0
258,457,0,0,0,0
270,469,0,0,0,0
283,481,0,0,0,0
295,493,0,0,0,0
303,508,0,0,0,0
310,523,0,0,0,0
318,538,0,0,0,0
325,553,0,0,0,0
333,568,0,0,0,0
340,583,0,0,0,0
348,596,0,0,0,0
356,609,0,0,0,0
364,622,0,0,0,0
372,635,0,0,0,0
380,647,0,0,0,0
389,660,0,0,0,0
397,672,0,0,0,0
405,684,0,0,0,0
414,696,0,0,0,0
423,705,0,0,0,0
433,713,0,0,0,0
439,713,0,0,0,0
426,701,0,0,0,0
414,688,0,0,0,0
403,674,0,0,0,0
392,660,0,0,0,0
382,645,0,0,0,0
372,631,0,0,0,0
363,615,0,0,0,0
355,600,0,0,0,0
347,584,0,0,0,0
341,567,0,0,0,0
334,550,0,0,0,0
328,534,0,0,0,0
322,517,0,0,0,0
316,500,0,0,0,0
312,483,0,0,0,0
303,491,0,0,0,0
298,495,0,0,0,0
287,500,0,0,0,0
277,503,0,0,0,0
287,517,0,0,0,0
298,531,0,0,0,0
308,545,0,0,0,0
316,561,0,0,0,0
325,576,0,0,0,0
334,591,0,0,0,0
344,605,0,0,0,0
354,620,0,0,0,0
363,635,0,0,0,0
373,649,0,0,0,0
384,663,0,0,0,0
394,678,0,0,0,0
404,692,0,0,0,0
414,706,0,0,0,0
425,720,0,0,0,0
429,714,0,0,0,0
439,713,0,0,0,0
448,713,0,0,0,0
422,726,0,0,0,0
445,710,0,0,0,0
420,723,0,0,0,0
442,707,0,0,0,0
417,720,0,0,0,0
439,705,0,0,0,0
415,716,0,0,0,0
436,702,0,0,0,0
413,713,0,0,0,0
433,699,0,0,0,0
410,710,0,0,0,0
430,696,0,0,0,0
408,707,0,0,0,0
427,694,0,0,0,0
405,704,0,0,0,0
424,691,0,0,0,0
403,700,0,0,0,0
422,688,0,0,0,0
401,697,0,0,0,0
419,684,0,0,0,0
398,694,0,0,0,0
416,681,0,0,0,0
396,691,0,0,0,0
414,678,0,0,0,0
394,687,0,0,0,0
411,675,0,0,0,0
391,684,0,0,0,0
409,672,0,0,0,0
389,681,0,0,0,0
406,669,0,0,0,0
387,678,0,0,0,0
404,666,0,0,0,0
384,675,0,0,0,0
401,663,0,0,0,0
382,671,0,0,0,0
399,659,0,0,0,0
380,668,0,0,0,0
396,656,0,0,0,0
378,665,0,0,0,0
394,653,0,0,0,0
375,662,0,0,0,0
392,650,0,0,0,0
373,659,0,0,0,0
389,646,0,0,0,0
371,656,0,0,0,0
387,643,0,0,0,0
369,653,0,0,0,0
385,640,0,0,0,0
367,649,0,0,0,0
383,636,0,0,0,0
365,646,0,0,0,0
381,633,0,0,0,0
362,643,0,0,0,0
379,630,0,0,0,0
360,640,0,0,0,0
377,626,0,0,0,0
358,637,0,0,0,0
375,623,0,0,0,0
356,634,0,0,0,0
373,620,0,0,0,0
354,631,0,0,0,0
371,616,0,0,0,0
352,628,0,0,0,0
369,613,0,0,0,0
350,625,0,0,0,0
367,609,0,0,0,0
348,621,0,0,0,0
365,606,0,0,0,0
345,618,0,0,0,0
363,602,0,0,0,0
343,615,0,0,0,0
361,599,0,0,0,0
341,612,0,0,0,0
359,595,0,0,0,0
339,608,0,0,0,0
358,592,0,0,0,0
337,605,0,0,0,0
356,588,0,0,0,0
335,602,0,0,0,0
354,585,0,0,0,0
333,599,0,0,0,0
353,581,0,0,0,0
331,595,0,0,0,0
351,578,0,0,0,0
328,592,0,0,0,0
350,574,0,0,0,0
326,589,0,0,0,0
348,570,0,0,0,0
324,585,0,0,0,0
347,567,0,0,0,0
322,582,0,0,0,0
345,563,0,0,0,0
320,579,0,0,0,0
344,560,0,0,0,0
318,575,0,0,0,0
342,556,0,0,0,0
316,572,0,0,0,0
341,552,0,0,0,0
314,569,0,0,0,0
340,549,0,0,0,0
312,565,0,0,0,0
338,545,0,0,0,0
310,562,0,0,0,0
337,542,0,0,0,0
308,558,0,0,0,0
336,538,0,0,0,0
306,555,0,0,0,0
334,534,0,0,0,0
305,551,0,0,0,0
333,531,0,0,0,0
303,548,0,0,0,0
331,527,0,0,0,0
301,545,0,0,0,0
330,523,0,0,0,0
299,541,0,0,0,0
329,520,0,0,0,0
297,538,0,0,0,0
327,516,0,0,0,0
295,535,0,0,0,0
326,512,0,0,0,0
292,532,0,0,0,0
325,508,0,0,0,0
289,529,0,0,0,0
324,505,0,0,0,0
286,526,0,0,0,0
322,501,0,0,0,0
284,522,0,0,0,0
321,497,0,0,0,0
281,519,0,0,0,0
320,493,0,0,0,0
279,516,0,0,0,0
319,488,0,0,0,0
276,513,0,0,0,0
318,484,0,0,0,0
274,510,0,0,0,0
317,480,0,0,0,0
272,506,0,0,0,0
316,476,0,0,0,0
269,503,0,0,0,0
271,499,0,0,0,0
286,490,0,0,0,0
301,481,0,0,0,0
313,473,0,0,0,0
322,459,0,0,0,0
327,442,0,0,0,0
328,433,0,0,0,0
328,416,0,0,0,0
326,404,0,0,0,0
321,387,0,0,0,0
315,376,0,0,0,0
306,367,0,0,0,0
298,361,0,0,0,0
286,357,0,0,0,0
272,359,0,0,0,0
259,366,0,0,0,0
249,378,0,0,0,0
241,392,0,0,0,0
236,408,0,0,0,0
234,424,0,0,0,0
234,440,0,0,0,0
235,449,0,0,0,0
240,464,0,0,0,0
248,477,0,0,0,0
259,489,0,0,0,0
271,499,0,0,0,0
268,495,0,0,0,0
248,461,0,0,0,0
234,438,0,0,0,0
252,429,0,0,0,0
269,420,0,0,0,0
287,410,0,0,0,0
305,401,0,0,0,0
323,392,0,0,0,0
321,389,0,0,0,0
309,369,0,0,0,0
301,363,0,0,0,0
291,359,0,0,0,0
298,371,0,0,0,0
319,405,0,0,0,0
328,419,0,0,0,0
328,439,0,0,0,0
316,419,0,0,0,0
295,385,0,0,0,0
279,358,0,0,0,0
269,361,0,0,0,0
271,364,0,0,0,0
292,398,0,0,0,0
312,433,0,0,0,0
324,452,0,0,0,0
319,463,0,0,0,0
309,446,0,0,0,0
288,412,0,0,0,0
267,378,0,0,0,0
260,366,0,0,0,0
253,373,0,0,0,0
264,392,0,0,0,0
285,426,0,0,0,0
306,460,0,0,0,0
313,472,0,0,0,0
305,478,0,0,0,0
303,474,0,0,0,0
282,440,0,0,0,0
261,406,0,0,0,0
246,381,0,0,0,0
241,392,0,0,0,0
257,419,0,0,0,0
278,453,0,0,0,0
297,484,0,0,0,0
288,489,0,0,0,0
275,467,0,0,0,0
254,433,0,0,0,0
237,405,0,0,0,0
234,420,0,0,0,0
251,447,0,0,0,0
272,481,0,0,0,0
280,494,0,0,0,0
271,499,0,0,0,0
298,486,0,0,0,0
272,502,0,0,0,0
266,503,0,0,0,0
290,489,0,0,0,0
317,472,0,0,0,0
321,470,0,0,0,0
310,474,0,0,0,0
282,491,0,0,0,0
263,500,0,0,0,0
274,494,0,0,0,0
302,477,0,0,0,0
326,462,0,0,0,0
322,462,0,0,0,0
294,479,0,0,0,0
266,496,0,0,0,0
260,498,0,0,0,0
286,482,0,0,0,0
314,465,0,0,0,0
329,455,0,0,0,0
306,467,0,0,0,0
278,484,0,0,0,0
256,495,0,0,0,0
269,487,0,0,0,0
298,470,0,0,0,0
326,453,0,0,0,0
330,450,0,0,0,0
318,455,0,0,0,0
289,472,0,0,0,0
261,490,0,0,0,0
253,492,0,0,0,0
257,490,0,0,0,0
281,475,0,0,0,0
310,458,0,0,0,0
332,444,0,0,0,0
328,444,0,0,0,0
301,460,0,0,0,0
273,478,0,0,0,0
250,490,0,0,0,0
265,480,0,0,0,0
293,463,0,0,0,0
322,446,0,0,0,0
334,438,0,0,0,0
313,448,0,0,0,0
285,466,0,0,0,0
257,483,0,0,0,0
247,486,0,0,0,0
251,484,0,0,0,0
277,468,0,0,0,0
305,451,0,0,0,0
330,436,0,0,0,0
334,434,0,0,0,0
325,436,0,0,0,0
297,453,0,0,0,0
269,471,0,0,0,0
245,483,0,0,0,0
261,473,0,0,0,0
289,456,0,0,0,0
317,439,0,0,0,0
334,429,0,0,0,0
309,441,0,0,0,0
281,459,0,0,0,0
253,476,0,0,0,0
243,480,0,0,0,0
246,478,0,0,0,0
273,461,0,0,0,0
301,444,0,0,0,0
329,427,0,0,0,0
333,424,0,0,0,0
321,429,0,0,0,0
293,447,0,0,0,0
265,464,0,0,0,0
240,477,0,0,0,0
257,466,0,0,0,0
285,449,0,0,0,0
313,432,0,0,0,0
333,420,0,0,0,0
305,435,0,0,0,0
277,452,0,0,0,0
249,469,0,0,0,0
238,473,0,0,0,0
241,471,0,0,0,0
269,454,0,0,0,0
297,437,0,0,0,0
325,420,0,0,0,0
333,415,0,0,0,0
317,423,0,0,0,0
289,440,0,0,0,0
261,457,0,0,0,0
236,470,0,0,0,0
253,460,0,0,0,0
281,442,0,0,0,0
309,425,0,0,0,0
333,411,0,0,0,0
329,411,0,0,0,0
301,428,0,0,0,0
273,445,0,0,0,0
245,462,0,0,0,0
235,466,0,0,0,0
238,464,0,0,0,0
265,448,0,0,0,0
293,430,0,0,0,0
321,413,0,0,0,0
332,406,0,0,0,0
313,416,0,0,0,0
285,433,0,0,0,0
257,450,0,0,0,0
233,462,0,0,0,0
249,453,0,0,0,0
277,436,0,0,0,0
305,418,0,0,0,0
331,402,0,0,0,0
325,404,0,0,0,0
297,421,0,0,0,0
269,438,0,0,0,0
240,455,0,0,0,0
232,458,0,0,0,0
235,456,0,0,0,0
261,441,0,0,0,0
289,424,0,0,0,0
317,406,0,0,0,0
330,398,0,0,0,0
309,409,0,0,0,0
281,426,0,0,0,0
252,443,0,0,0,0
230,455,0,0,0,0
244,446,0,0,0,0
273,429,0,0,0,0
301,412,0,0,0,0
326,396,0,0,0,0
329,394,0,0,0,0
321,397,0,0,0,0
293,414,0,0,0,0
264,431,0,0,0,0
236,449,0,0,0,0
230,450,0,0,0,0
256,434,0,0,0,0
285,417,0,0,0,0
313,400,0,0,0,0
328,390,0,0,0,0
305,402,0,0,0,0
276,419,0,0,0,0
248,437,0,0,0,0
229,446,0,0,0,0
240,439,0,0,0,0
268,422,0,0,0,0
297,405,0,0,0,0
324,388,0,0,0,0
327,386,0,0,0,0
317,390,0,0,0,0
288,407,0,0,0,0
260,425,0,0,0,0
233,442,0,0,0,0
229,442,0,0,0,0
252,427,0,0,0,0
280,410,0,0,0,0
309,393,0,0,0,0
325,382,0,0,0,0
300,395,0,0,0,0
272,413,0,0,0,0
244,430,0,0,0,0
228,437,0,0,0,0
236,432,0,0,0,0
264,415,0,0,0,0
292,398,0,0,0,0
320,381,0,0,0,0
324,379,0,0,0,0
312,383,0,0,0,0
284,401,0,0,0,0
256,418,0,0,0,0
231,433,0,0,0,0
227,433,0,0,0,0
248,420,0,0,0,0
276,403,0,0,0,0
304,386,0,0,0,0
322,375,0,0,0,0
296,389,0,0,0,0
268,406,0,0,0,0
240,423,0,0,0,0
228,428,0,0,0,0
232,426,0,0,0,0
260,408,0,0,0,0
288,391,0,0,0,0
316,374,0,0,0,0
319,372,0,0,0,0
308,376,0,0,0,0
280,394,0,0,0,0
252,411,0,0,0,0
228,423,0,0,0,0
244,413,0,0,0,0
272,396,0,0,0,0
300,379,0,0,0,0
317,369,0,0,0,0
292,382,0,0,0,0
264,399,0,0,0,0
236,416,0,0,0,0
229,418,0,0,0,0
256,401,0,0,0,0
284,384,0,0,0,0
310,368,0,0,0,0
314,366,0,0,0,0
304,370,0,0,0,0
276,387,0,0,0,0
248,404,0,0,0,0
230,413,0,0,0,0
240,407,0,0,0,0
268,389,0,0,0,0
296,372,0,0,0,0
310,363,0,0,0,0
288,375,0,0,0,0
260,392,0,0,0,0
234,408,0,0,0,0
230,408,0,0,0,0
252,395,0,0,0,0
280,377,0,0,0,0
307,361,0,0,0,0
300,363,0,0,0,0
272,380,0,0,0,0
244,397,0,0,0,0
232,402,0,0,0,0
236,400,0,0,0,0
264,383,0,0,0,0
292,365,0,0,0,0
304,358,0,0,0,0
284,368,0,0,0,0
256,385,0,0,0,0
234,396,0,0,0,0
248,388,0,0,0,0
276,371,0,0,0,0
299,356,0,0,0,0
294,357,0,0,0,0
268,373,0,0,0,0
240,390,0,0,0,0
236,390,0,0,0,0
260,376,0,0,0,0
288,359,0,0,0,0
295,354,0,0,0,0
280,361,0,0,0,0
251,378,0,0,0,0
240,383,0,0,0,0
243,381,0,0,0,0
271,364,0,0,0,0
290,353,0,0,0,0
263,366,0,0,0,0
245,375,0,0,0,0
255,369,0,0,0,0
282,353,0,0,0,0
273,356,0,0,0,0
254,365,0,0,0,0
265,358,0,0,0,0
269,356,0,0,0,0
266,361,0,0,0,0
258,365,0,0,0,0
267,360,0,0,0,0
258,365,0,0,0,0
250,369,1,0,0,0
241,373,1,0,0,0
233,378,1,0,0,0
224,382,1,0,0,0
224,382,0,0,0,1224,382,0,0,0,1