490,165,0,0,1,0
490,165,1,0,0,0
430,154,1,0,0,0
369,144,1,0,0,0
309,133,1,0,0,0
249,123,1,0,0,0
189,112,1,0,0,0
129,102,1,0,0,0
68,91,0,0,0,0
73,84,0,0,0,0
75,79,0,0,0,0
72,85,0,0,0,0
68,91,0,0,0,0
73,83,0,0,0,0
78,74,0,0,0,0
86,65,0,0,0,0
95,56,0,0,0,0
105,49,0,0,0,0
115,43,0,0,0,0
126,37,0,0,0,0
137,32,0,0,0,0
148,27,0,0,0,0
164,21,0,0,0,0
181,16,0,0,0,0
195,13,0,0,0,0
210,10,0,0,0,0
225,8,0,0,0,0
237,7,0,0,0,0
249,6,0,0,0,0
267,5,0,0,0,0
284,4,0,0,0,0
267,3,0,0,0,0
249,2,0,0,0,0
232,2,0,0,0,0
214,3,0,0,0,0
196,4,0,0,0,0
179,6,0,0,0,0
161,9,0,0,0,0
144,11,0,0,0,0
126,15,0,0,0,0
109,19,0,0,0,0
92,23,0,0,0,0
76,30,0,0,0,0
60,37,0,0,0,0
44,46,0,0,0,0
29,55,0,0,0,0
17,68,0,0,0,0
8,83,0,0,0,0
5,100,0,0,0,0
10,117,0,0,0,0
22,131,0,0,0,0
37,140,0,0,0,0
53,148,0,0,0,0
69,154,0,0,0,0
84,158,0,0,0,0
69,154,0,0,0,0
53,148,0,0,0,0
37,140,0,0,0,0
22,131,0,0,0,0
10,117,0,0,0,0
5,100,0,0,0,0
8,83,0,0,0,0
17,68,0,0,0,0
29,55,0,0,0,0
44,46,0,0,0,0
60,37,0,0,0,0
76,30,0,0,0,0
92,23,0,0,0,0
109,19,0,0,0,0
126,15,0,0,0,0
144,11,0,0,0,0
161,9,0,0,0,0
179,6,0,0,0,0
196,4,0,0,0,0
214,3,0,0,0,0
232,2,0,0,0,0
249,2,0,0,0,0
267,3,0,0,0,0
285,4,0,0,0,0
275,4,0,0,0,0
259,5,0,0,0,0
244,6,0,0,0,0
228,7,0,0,0,0
211,10,0,0,0,0
193,14,0,0,0,0
176,17,0,0,0,0
162,22,0,0,0,0
149,27,0,0,0,0
135,33,0,0,0,0
122,38,0,0,0,0
111,45,0,0,0,0
101,52,0,0,0,0
90,59,0,0,0,0
83,68,0,0,0,0
76,76,0,0,0,0
69,91,0,0,0,0
66,107,0,0,0,0
73,120,0,0,0,0
82,126,0,0,0,0
91,131,0,0,0,0
109,133,0,0,0,0
124,131,0,0,0,0
139,128,0,0,0,0
156,122,0,0,0,0
165,108,0,0,0,0
165,90,0,0,0,0
151,80,0,0,0,0
134,82,0,0,0,0
118,88,0,0,0,0
110,99,0,0,0,0
110,104,0,0,0,0
115,107,0,0,0,0
120,105,0,0,0,0
125,100,0,0,0,0
139,88,0,0,0,0
157,85,0,0,0,0
167,94,0,0,0,0
157,85,0,0,0,0
139,88,0,0,0,0
125,100,0,0,0,0
120,105,0,0,0,0
115,107,0,0,0,0
110,104,0,0,0,0
110,99,0,0,0,0
118,88,0,0,0,0
134,82,0,0,0,0
151,80,0,0,0,0
165,90,0,0,0,0
165,108,0,0,0,0
156,122,0,0,0,0
139,128,0,0,0,0
147,125,0,0,0,0
136,131,0,0,0,0
136,127,0,0,0,0
123,135,0,0,0,0
127,127,0,0,0,0
115,136,0,0,0,0
120,128,0,0,0,0
109,136,0,0,0,0
114,128,0,0,0,0
104,137,0,0,0,0
109,128,0,0,0,0
99,136,0,0,0,0
104,128,0,0,0,0
92,136,0,0,0,0
99,127,0,0,0,0
86,135,0,0,0,0
95,126,0,0,0,0
80,134,0,0,0,0
90,125,0,0,0,0
74,132,0,0,0,0
87,123,0,0,0,0
70,129,0,0,0,0
85,120,0,0,0,0
66,126,0,0,0,0
83,117,0,0,0,0
62,123,0,0,0,0
81,115,0,0,0,0
59,119,0,0,0,0
80,112,0,0,0,0
57,115,0,0,0,0
79,108,0,0,0,0
55,111,0,0,0,0
78,105,0,0,0,0
54,107,0,0,0,0
78,102,0,0,0,0
53,103,0,0,0,0
78,99,0,0,0,0
53,99,0,0,0,0
79,96,0,0,0,0
54,95,0,0,0,0
80,93,0,0,0,0
55,91,0,0,0,0
81,90,0,0,0,0
56,87,0,0,0,0
82,87,0,0,0,0
58,83,0,0,0,0
84,85,0,0,0,0
60,79,0,0,0,0
86,82,0,0,0,0
62,75,0,0,0,0
87,78,0,0,0,0
64,72,0,0,0,0
90,75,0,0,0,0
67,68,0,0,0,0
92,72,0,0,0,0
70,65,0,0,0,0
95,70,0,0,0,0
73,61,0,0,0,0
98,67,0,0,0,0
76,58,0,0,0,0
100,64,0,0,0,0
80,55,0,0,0,0
103,62,0,0,0,0
84,52,0,0,0,0
107,59,0,0,0,0
87,50,0,0,0,0
110,57,0,0,0,0
91,47,0,0,0,0
113,54,0,0,0,0
95,44,0,0,0,0
116,52,0,0,0,0
99,42,0,0,0,0
119,50,0,0,0,0
103,39,0,0,0,0
123,47,0,0,0,0
107,37,0,0,0,0
126,45,0,0,0,0
111,35,0,0,0,0
130,43,0,0,0,0
115,32,0,0,0,0
134,40,0,0,0,0
119,30,0,0,0,0
138,38,0,0,0,0
123,28,0,0,0,0
143,36,0,0,0,0
128,26,0,0,0,0
147,34,0,0,0,0
133,25,0,0,0,0
152,32,0,0,0,0
138,23,0,0,0,0
157,30,0,0,0,0
143,21,0,0,0,0
161,29,0,0,0,0
148,19,0,0,0,0
166,27,0,0,0,0
153,18,0,0,0,0
171,25,0,0,0,0
158,17,0,0,0,0
177,24,0,0,0,0
163,15,0,0,0,0
182,22,0,0,0,0
169,14,0,0,0,0
187,21,0,0,0,0
175,12,0,0,0,0
192,19,0,0,0,0
180,11,0,0,0,0
198,18,0,0,0,0
186,10,0,0,0,0
204,17,0,0,0,0
191,9,0,0,0,0
209,15,0,0,0,0
197,8,0,0,0,0
215,14,0,0,0,0
203,7,0,0,0,0
221,13,0,0,0,0
209,6,0,0,0,0
228,12,0,0,0,0
216,5,0,0,0,0
234,11,0,0,0,0
222,5,0,0,0,0
241,10,0,0,0,0
229,4,0,0,0,0
249,9,0,0,0,0
237,3,0,0,0,0
256,9,0,0,0,0
243,3,0,0,0,0
264,8,0,0,0,0
251,3,0,0,0,0
274,7,0,0,0,0
261,3,0,0,0,0
288,7,0,0,0,0
274,3,0,0,0,0
306,6,0,0,0,0
292,3,0,0,0,0
306,6,0,0,0,0
324,7,0,0,0,0
307,5,0,0,0,0
324,7,0,0,0,0
341,8,0,0,0,0
324,7,0,0,0,0
341,8,0,0,0,0
357,11,0,0,0,0
341,8,0,0,0,0
357,11,0,0,0,0
374,13,0,0,0,0
357,11,0,0,0,0
374,13,0,0,0,0
391,16,0,0,0,0
374,13,0,0,0,0
391,16,0,0,0,0
407,19,0,0,0,0
391,16,0,0,0,0
407,19,0,0,0,0
397,26,0,0,0,0
387,33,0,0,0,0
377,40,0,0,0,0
371,50,0,0,0,0
364,60,0,0,0,0
358,70,0,0,0,0
352,85,0,0,0,0
347,99,0,0,0,0
351,113,0,0,0,0
354,127,0,0,0,0
357,141,0,0,0,0
368,152,0,0,0,0
378,164,0,0,0,0
389,172,0,0,0,0
400,180,0,0,0,0
410,184,0,0,0,0
419,188,0,0,0,0
436,194,0,0,0,0
454,199,0,0,0,0
471,202,0,0,0,0
489,204,0,0,0,0
507,205,0,0,0,0
525,206,0,0,0,0
543,205,0,0,0,0
561,203,0,0,0,0
543,205,0,0,0,0
525,206,0,0,0,0
507,205,0,0,0,0
489,204,0,0,0,0
471,202,0,0,0,0
454,199,0,0,0,0
436,194,0,0,0,0
419,188,0,0,0,0
413,186,0,0,0,0
396,180,0,0,0,0
379,173,0,0,0,0
362,167,0,0,0,0
345,162,0,0,0,0
328,156,0,0,0,0
311,150,0,0,0,0
294,143,0,0,0,0
277,138,0,0,0,0
260,133,0,0,0,0
242,129,0,0,0,0
224,127,0,0,0,0
207,125,0,0,0,0
189,126,0,0,0,0
172,133,0,0,0,0
159,146,0,0,0,0
152,162,0,0,0,0
150,180,0,0,0,0
153,198,0,0,0,0
161,214,0,0,0,0
174,227,0,0,0,0
191,233,0,0,0,0
209,233,0,0,0,0
225,230,0,0,0,0
235,226,0,0,0,0
247,220,0,0,0,0
235,226,0,0,0,0
226,230,0,0,0,0
212,234,0,0,0,0
194,236,0,0,0,0
177,235,0,0,0,0
160,230,0,0,0,0
145,221,0,0,0,0
134,208,0,0,0,0
128,192,0,0,0,0
127,174,0,0,0,0
133,158,0,0,0,0
144,144,0,0,0,0
159,134,0,0,0,0
175,128,0,0,0,0
189,126,0,0,0,0
175,128,0,0,0,0
159,134,0,0,0,0
144,144,0,0,0,0
133,158,0,0,0,0
127,174,0,0,0,0
128,192,0,0,0,0
134,208,0,0,0,0
145,221,0,0,0,0
160,230,0,0,0,0
177,235,0,0,0,0
194,236,0,0,0,0
212,234,0,0,0,0
228,229,0,0,0,0
210,233,0,0,0,0
192,233,0,0,0,0
175,227,0,0,0,0
162,215,0,0,0,0
153,200,0,0,0,0
150,182,0,0,0,0
152,164,0,0,0,0
159,147,0,0,0,0
171,134,0,0,0,0
187,126,0,0,0,0
204,124,0,0,0,0
222,126,0,0,0,0
239,129,0,0,0,0
256,132,0,0,0,0
273,136,0,0,0,0
289,142,0,0,0,0
306,147,0,0,0,0
322,153,0,0,0,0
324,168,0,0,0,0
322,182,0,0,0,0
324,168,0,0,0,0
321,154,0,0,0,0
318,135,0,0,0,0
310,119,0,0,0,0
301,104,0,0,0,0
289,91,0,0,0,0
275,80,0,0,0,0
260,71,0,0,0,0
244,64,0,0,0,0
227,59,0,0,0,0
212,58,0,0,0,0
208,62,0,0,0,0
207,69,0,0,0,0
216,75,0,0,0,0
227,78,0,0,0,0
244,82,0,0,0,0
260,88,0,0,0,0
275,96,0,0,0,0
288,106,0,0,0,0
300,118,0,0,0,0
310,132,0,0,0,0
317,148,0,0,0,0
321,164,0,0,0,0
322,179,0,0,0,0
321,192,0,0,0,0
317,205,0,0,0,0
310,221,0,0,0,0
317,205,0,0,0,0
310,221,0,0,0,0
299,236,0,0,0,0
310,221,0,0,0,0
299,236,0,0,0,0
286,248,0,0,0,0
299,236,0,0,0,0
286,248,0,0,0,0
271,257,0,0,0,0
286,248,0,0,0,0
271,257,0,0,0,0
254,263,0,0,0,0
271,257,0,0,0,0
254,263,0,0,0,0
236,267,0,0,0,0
254,263,0,0,0,0
236,267,0,0,0,0
219,269,0,0,0,0
236,267,0,0,0,0
219,269,0,0,0,0
201,268,0,0,0,0
219,269,0,0,0,0
201,268,0,0,0,0
183,265,0,0,0,0
201,268,0,0,0,0
183,265,0,0,0,0
166,260,0,0,0,0
183,265,0,0,0,0
166,260,0,0,0,0
150,253,0,0,0,0
166,260,0,0,0,0
150,253,0,0,0,0
134,244,0,0,0,0
150,253,0,0,0,0
134,244,0,0,0,0
121,231,0,0,0,0
134,244,0,0,0,0
121,231,0,0,0,0
113,216,0,0,0,0
121,231,0,0,0,0
113,216,0,0,0,0
110,205,0,0,0,0
113,216,0,0,0,0
110,205,0,0,0,0
95,213,0,0,0,0
110,205,0,0,0,0
95,213,0,0,0,0
82,224,0,0,0,0
95,213,0,0,0,0
82,224,0,0,0,0
71,238,0,0,0,0
82,224,0,0,0,0
71,238,0,0,0,0
65,254,0,0,0,0
71,238,0,0,0,0
65,254,0,0,0,0
66,271,0,0,0,0
65,254,0,0,0,0
66,271,0,0,0,0
74,286,0,0,0,0
66,271,0,0,0,0
74,286,0,0,0,0
87,297,0,0,0,0
74,286,0,0,0,0
87,297,0,0,0,0
103,304,0,0,0,0
87,297,0,0,0,0
103,304,0,0,0,0
119,309,0,0,0,0
103,304,0,0,0,0
119,309,0,0,0,0
133,312,0,0,0,0
119,309,0,0,0,0
133,312,0,0,0,0
145,313,0,0,0,0
157,314,0,0,0,0
143,313,0,0,0,0
128,312,0,0,0,0
113,310,0,0,0,0
98,309,0,0,0,0
83,305,0,0,0,0
67,301,0,0,0,0
51,298,0,0,0,0
38,289,0,0,0,0
24,281,0,0,0,0
18,269,0,0,0,0
13,257,0,0,0,0
17,244,0,0,0,0
22,230,0,0,0,0
35,221,0,0,0,0
49,211,0,0,0,0
62,201,0,0,0,0
77,197,0,0,0,0
92,192,0,0,0,0
106,188,0,0,0,0
121,183,0,0,0,0
136,182,0,0,0,0
151,180,0,0,0,0
166,178,0,0,0,0
179,178,0,0,0,0
192,178,0,0,0,0
205,178,0,0,0,0
219,178,0,0,0,0
234,179,0,0,0,0
248,179,0,0,0,0
260,182,0,0,0,0
271,184,0,0,0,0
289,186,0,0,0,0
307,189,0,0,0,0
325,192,0,0,0,0
342,196,0,0,0,0
360,200,0,0,0,0
377,204,0,0,0,0
394,209,0,0,0,0
412,215,0,0,0,0
429,220,0,0,0,0
446,226,0,0,0,0
463,231,0,0,0,0
479,238,0,0,0,0
496,244,0,0,0,0
513,251,0,0,0,0
501,249,0,0,0,0
489,246,0,0,0,0
472,244,0,0,0,0
455,243,0,0,0,0
438,241,0,0,0,0
426,241,0,0,0,0
414,241,0,0,0,0
402,242,0,0,0,0
387,245,0,0,0,0
372,248,0,0,0,0
361,254,0,0,0,0
350,259,0,0,0,0
338,269,0,0,0,0
335,281,0,0,0,0
342,289,0,0,0,0
351,299,0,0,0,0
363,300,0,0,0,0
375,301,0,0,0,0
392,300,0,0,0,0
401,297,0,0,0,0
410,293,0,0,0,0
416,289,0,0,0,0
407,297,0,0,0,0
408,291,0,0,0,0
396,303,0,0,0,0
400,293,0,0,0,0
388,306,0,0,0,0
394,294,0,0,0,0
382,307,0,0,0,0
388,294,0,0,0,0
376,308,0,0,0,0
384,295,0,0,0,0
370,308,0,0,0,0
380,295,0,0,0,0
364,308,0,0,0,0
375,295,0,0,0,0
357,308,0,0,0,0
371,294,0,0,0,0
351,306,0,0,0,0
367,293,0,0,0,0
345,305,0,0,0,0
363,292,0,0,0,0
340,303,0,0,0,0
360,290,0,0,0,0
335,300,0,0,0,0
358,288,0,0,0,0
331,298,0,0,0,0
356,286,0,0,0,0
327,294,0,0,0,0
355,284,0,0,0,0
325,291,0,0,0,0
354,282,0,0,0,0
323,287,0,0,0,0
354,279,0,0,0,0
321,283,0,0,0,0
354,277,0,0,0,0
321,279,0,0,0,0
355,274,0,0,0,0
322,275,0,0,0,0
356,271,0,0,0,0
323,270,0,0,0,0
358,268,0,0,0,0
325,266,0,0,0,0
360,266,0,0,0,0
328,262,0,0,0,0
363,263,0,0,0,0
332,259,0,0,0,0
366,261,0,0,0,0
337,256,0,0,0,0
368,260,0,0,0,0
342,253,0,0,0,0
371,258,0,0,0,0
347,250,0,0,0,0
375,256,0,0,0,0
352,248,0,0,0,0
379,254,0,0,0,0
358,245,0,0,0,0
384,252,0,0,0,0
363,243,0,0,0,0
389,251,0,0,0,0
369,241,0,0,0,0
395,250,0,0,0,0
376,240,0,0,0,0
400,249,0,0,0,0
382,239,0,0,0,0
406,248,0,0,0,0
389,238,0,0,0,0
412,247,0,0,0,0
395,237,0,0,0,0
418,247,0,0,0,0
402,236,0,0,0,0
423,246,0,0,0,0
408,236,0,0,0,0
429,246,0,0,0,0
415,235,0,0,0,0
435,246,0,0,0,0
422,235,0,0,0,0
442,246,0,0,0,0
429,236,0,0,0,0
448,247,0,0,0,0
436,236,0,0,0,0
455,247,0,0,0,0
443,237,0,0,0,0
461,248,0,0,0,0
450,238,0,0,0,0
468,248,0,0,0,0
458,239,0,0,0,0
473,249,0,0,0,0
464,239,0,0,0,0
479,249,0,0,0,0
471,240,0,0,0,0
486,249,0,0,0,0
477,241,0,0,0,0
493,250,0,0,0,0
483,242,0,0,0,0
502,250,0,0,0,0
492,244,0,0,0,0
514,251,0,0,0,0
505,247,0,0,0,0
514,251,0,0,0,0
529,258,0,0,0,0
544,265,0,0,0,0
560,272,0,0,0,0
575,279,0,0,0,0
591,287,0,0,0,0
606,294,0,0,0,0
590,299,0,0,0,0
574,303,0,0,0,0
559,305,0,0,0,0
542,306,0,0,0,0
526,307,0,0,0,0
510,305,0,0,0,0
495,302,0,0,0,0
479,298,0,0,0,0
464,292,0,0,0,0
457,295,0,0,0,0
463,285,0,0,0,0
459,299,0,0,0,0
468,285,0,0,0,0
461,302,0,0,0,0
472,285,0,0,0,0
464,304,0,0,0,0
476,286,0,0,0,0
468,306,0,0,0,0
480,287,0,0,0,0
472,308,0,0,0,0
484,289,0,0,0,0
476,309,0,0,0,0
488,290,0,0,0,0
480,310,0,0,0,0
492,292,0,0,0,0
484,311,0,0,0,0
495,293,0,0,0,0
489,312,0,0,0,0
499,294,0,0,0,0
493,313,0,0,0,0
504,295,0,0,0,0
498,313,0,0,0,0
508,296,0,0,0,0
502,313,0,0,0,0
512,297,0,0,0,0
507,313,0,0,0,0
516,298,0,0,0,0
512,314,0,0,0,0
520,299,0,0,0,0
516,314,0,0,0,0
524,299,0,0,0,0
521,314,0,0,0,0
529,300,0,0,0,0
526,314,0,0,0,0
533,300,0,0,0,0
530,314,0,0,0,0
538,300,0,0,0,0
535,313,0,0,0,0
543,300,0,0,0,0
540,313,0,0,0,0
548,300,0,0,0,0
545,313,0,0,0,0
553,299,0,0,0,0
550,312,0,0,0,0
557,299,0,0,0,0
555,312,0,0,0,0
562,298,0,0,0,0
560,311,0,0,0,0
568,298,0,0,0,0
566,310,0,0,0,0
573,297,0,0,0,0
570,309,0,0,0,0
578,297,0,0,0,0
575,308,0,0,0,0
583,296,0,0,0,0
580,306,0,0,0,0
590,295,0,0,0,0
588,304,0,0,0,0
598,294,0,0,0,0
597,300,0,0,0,0
608,292,0,0,0,0
590,286,0,0,0,0
573,278,0,0,0,0
557,271,0,0,0,0
541,263,0,0,0,0
524,256,0,0,0,0
508,249,0,0,0,0
491,243,0,0,0,0
474,236,0,0,0,0
458,230,0,0,0,0
441,224,0,0,0,0
424,218,0,0,0,0
407,212,0,0,0,0
390,207,0,0,0,0
372,203,0,0,0,0
355,198,0,0,0,0
337,195,0,0,0,0
320,191,0,0,0,0
302,188,0,0,0,0
284,185,0,0,0,0
267,183,0,0,0,0
272,186,0,0,0,0
260,179,0,0,0,0
265,185,0,0,0,0
254,178,0,0,0,0
259,185,0,0,0,0
248,177,0,0,0,0
253,184,0,0,0,0
243,176,0,0,0,0
248,184,0,0,0,0
238,175,0,0,0,0
243,183,0,0,0,0
233,175,0,0,0,0
238,183,0,0,0,0
228,174,0,0,0,0
233,183,0,0,0,0
223,174,0,0,0,0
228,182,0,0,0,0
218,173,0,0,0,0
223,182,0,0,0,0
214,173,0,0,0,0
218,182,0,0,0,0
210,173,0,0,0,0
214,182,0,0,0,0
205,172,0,0,0,0
209,182,0,0,0,0
201,172,0,0,0,0
205,182,0,0,0,0
196,172,0,0,0,0
200,182,0,0,0,0
192,172,0,0,0,0
196,183,0,0,0,0
187,172,0,0,0,0
192,183,0,0,0,0
183,171,0,0,0,0
187,183,0,0,0,0
179,171,0,0,0,0
183,183,0,0,0,0
174,171,0,0,0,0
179,184,0,0,0,0
170,171,0,0,0,0
175,184,0,0,0,0
166,171,0,0,0,0
170,185,0,0,0,0
161,171,0,0,0,0
166,185,0,0,0,0
157,172,0,0,0,0
162,186,0,0,0,0
153,172,0,0,0,0
158,186,0,0,0,0
149,172,0,0,0,0
154,187,0,0,0,0
145,172,0,0,0,0
149,187,0,0,0,0
141,173,0,0,0,0
145,188,0,0,0,0
136,173,0,0,0,0
141,189,0,0,0,0
132,174,0,0,0,0
137,190,0,0,0,0
128,174,0,0,0,0
133,191,0,0,0,0
124,175,0,0,0,0
129,191,0,0,0,0
120,176,0,0,0,0
126,192,0,0,0,0
116,176,0,0,0,0
122,193,0,0,0,0
112,177,0,0,0,0
118,194,0,0,0,0
107,178,0,0,0,0
115,195,0,0,0,0
103,179,0,0,0,0
111,196,0,0,0,0
99,180,0,0,0,0
107,197,0,0,0,0
95,181,0,0,0,0
104,198,0,0,0,0
91,182,0,0,0,0
100,199,0,0,0,0
87,183,0,0,0,0
96,200,0,0,0,0
82,184,0,0,0,0
93,201,0,0,0,0
78,185,0,0,0,0
89,202,0,0,0,0
74,187,0,0,0,0
85,203,0,0,0,0
70,188,0,0,0,0
82,205,0,0,0,0
66,190,0,0,0,0
78,206,0,0,0,0
62,191,0,0,0,0
75,208,0,0,0,0
58,193,0,0,0,0
71,210,0,0,0,0
54,195,0,0,0,0
68,211,0,0,0,0
50,197,0,0,0,0
65,213,0,0,0,0
47,199,0,0,0,0
62,215,0,0,0,0
43,201,0,0,0,0
59,216,0,0,0,0
39,203,0,0,0,0
55,218,0,0,0,0
35,205,0,0,0,0
52,220,0,0,0,0
31,207,0,0,0,0
49,222,0,0,0,0
28,210,0,0,0,0
46,225,0,0,0,0
24,212,0,0,0,0
44,227,0,0,0,0
21,215,0,0,0,0
41,229,0,0,0,0
18,218,0,0,0,0
39,231,0,0,0,0
15,221,0,0,0,0
37,233,0,0,0,0
12,225,0,0,0,0
35,235,0,0,0,0
9,228,0,0,0,0
34,237,0,0,0,0
7,231,0,0,0,0
32,240,0,0,0,0
4,235,0,0,0,0
30,242,0,0,0,0
3,239,0,0,0,0
29,244,0,0,0,0
1,243,0,0,0,0
28,247,0,0,0,0
0,247,0,0,0,0
28,249,0,0,0,0
0,251,0,0,0,0
27,252,0,0,0,0
0,255,0,0,0,0
27,255,0,0,0,0
1,259,0,0,0,0
28,258,0,0,0,0
2,264,0,0,0,0
28,261,0,0,0,0
3,268,0,0,0,0
29,263,0,0,0,0
5,271,0,0,0,0
30,266,0,0,0,0
7,275,0,0,0,0
31,268,0,0,0,0
9,279,0,0,0,0
33,271,0,0,0,0
11,282,0,0,0,0
34,274,0,0,0,0
14,286,0,0,0,0
36,276,0,0,0,0
18,289,0,0,0,0
39,279,0,0,0,0
21,291,0,0,0,0
42,281,0,0,0,0
26,294,0,0,0,0
45,284,0,0,0,0
30,296,0,0,0,0
48,286,0,0,0,0
35,298,0,0,0,0
52,288,0,0,0,0
40,300,0,0,0,0
56,289,0,0,0,0
45,301,0,0,0,0
59,291,0,0,0,0
50,303,0,0,0,0
63,292,0,0,0,0
54,305,0,0,0,0
67,294,0,0,0,0
59,306,0,0,0,0
71,295,0,0,0,0
63,307,0,0,0,0
75,297,0,0,0,0
68,309,0,0,0,0
79,298,0,0,0,0
72,310,0,0,0,0
84,300,0,0,0,0
77,311,0,0,0,0
89,301,0,0,0,0
82,312,0,0,0,0
94,302,0,0,0,0
88,312,0,0,0,0
100,303,0,0,0,0
93,313,0,0,0,0
105,304,0,0,0,0
99,314,0,0,0,0
111,305,0,0,0,0
105,314,0,0,0,0
117,306,0,0,0,0
111,315,0,0,0,0
123,306,0,0,0,0
117,315,0,0,0,0
129,307,0,0,0,0
122,315,0,0,0,0
135,308,0,0,0,0
129,316,0,0,0,0
142,309,0,0,0,0
136,316,0,0,0,0
149,310,0,0,0,0
145,316,0,0,0,0
158,310,0,0,0,0
156,316,0,0,0,0
169,311,0,0,0,0
171,315,0,0,0,0
182,311,0,0,0,0
176,313,0,0,0,0
194,311,0,0,0,0
176,313,0,0,0,0
194,311,0,0,0,0
211,307,0,0,0,0
194,311,0,0,0,0
211,307,0,0,0,0
228,302,0,0,0,0
211,307,0,0,0,0
228,302,0,0,0,0
245,295,0,0,0,0
228,302,0,0,0,0
245,295,0,0,0,0
260,287,0,0,0,0
245,295,0,0,0,0
260,287,0,0,0,0
274,276,0,0,0,0
260,287,0,0,0,0
274,276,0,0,0,0
287,263,0,0,0,0
274,276,0,0,0,0
287,263,0,0,0,0
298,249,0,0,0,0
287,263,0,0,0,0
298,249,0,0,0,0
307,234,0,0,0,0
298,249,0,0,0,0
307,234,0,0,0,0
314,218,0,0,0,0
307,234,0,0,0,0
314,218,0,0,0,0
318,204,0,0,0,0
314,218,0,0,0,0
318,204,0,0,0,0
321,191,0,0,0,0
323,179,0,0,0,0
322,166,0,0,0,0
318,150,0,0,0,0
311,134,0,0,0,0
302,120,0,0,0,0
290,108,0,0,0,0
277,97,0,0,0,0
263,88,0,0,0,0
247,82,0,0,0,0
230,79,0,0,0,0
217,75,0,0,0,0
207,69,0,0,0,0
208,63,0,0,0,0
212,58,0,0,0,0
222,58,0,0,0,0
238,62,0,0,0,0
254,67,0,0,0,0
268,75,0,0,0,0
281,85,0,0,0,0
293,96,0,0,0,0
304,109,0,0,0,0
312,123,0,0,0,0
319,138,0,0,0,0
321,152,0,0,0,0
338,159,0,0,0,0
355,165,0,0,0,0
371,170,0,0,0,0
387,176,0,0,0,0
403,182,0,0,0,0
420,188,0,0,0,0
411,185,0,0,0,0
400,178,0,0,0,0
390,172,0,0,0,0
379,166,0,0,0,0
369,152,0,0,0,0
359,139,0,0,0,0
355,127,0,0,0,0
351,114,0,0,0,0
347,101,0,0,0,0
351,89,0,0,0,0
355,77,0,0,0,0
359,64,0,0,0,0
369,52,0,0,0,0
378,39,0,0,0,0
391,31,0,0,0,0
403,23,0,0,0,0
416,15,0,0,0,0
428,12,0,0,0,0
441,8,0,0,0,0
454,5,0,0,0,0
468,4,0,0,0,0
481,3,0,0,0,0
492,3,0,0,0,0
502,3,0,0,0,0
519,4,0,0,0,0
536,7,0,0,0,0
553,10,0,0,0,0
570,14,0,0,0,0
586,20,0,0,0,0
602,26,0,0,0,0
618,33,0,0,0,0
634,40,0,0,0,0
649,48,0,0,0,0
664,57,0,0,0,0
649,48,0,0,0,0
634,40,0,0,0,0
618,33,0,0,0,0
602,26,0,0,0,0
586,20,0,0,0,0
570,14,0,0,0,0
553,10,0,0,0,0
536,7,0,0,0,0
519,4,0,0,0,0
502,3,0,0,0,0
531,4,0,0,0,0
539,9,0,0,0,0
521,2,0,0,0,0
529,8,0,0,0,0
511,1,0,0,0,0
520,7,0,0,0,0
501,0,0,0,0,0
512,6,0,0,0,0
492,0,0,0,0,0
503,6,0,0,0,0
484,0,0,0,0,0
495,6,0,0,0,0
475,0,0,0,0,0
487,7,0,0,0,0
467,0,0,0,0,0
480,7,0,0,0,0
459,1,0,0,0,0
473,8,0,0,0,0
452,2,0,0,0,0
466,9,0,0,0,0
444,3,0,0,0,0
459,10,0,0,0,0
436,5,0,0,0,0
452,11,0,0,0,0
429,6,0,0,0,0
446,13,0,0,0,0
422,8,0,0,0,0
440,14,0,0,0,0
415,10,0,0,0,0
434,16,0,0,0,0
409,13,0,0,0,0
428,19,0,0,0,0
403,15,0,0,0,0
422,21,0,0,0,0
405,23,0,0,0,0
397,26,0,0,0,0
383,36,0,0,0,0
371,48,0,0,0,0
361,62,0,0,0,0
354,77,0,0,0,0
350,92,0,0,0,0
349,108,0,0,0,0
352,124,0,0,0,0
358,139,0,0,0,0
367,152,0,0,0,0
379,163,0,0,0,0
391,173,0,0,0,0
405,181,0,0,0,0
420,187,0,0,0,0
406,185,0,0,0,0
411,181,0,0,0,0
395,180,0,0,0,0
404,176,0,0,0,0
388,176,0,0,0,0
398,172,0,0,0,0
383,172,0,0,0,0
394,168,0,0,0,0
378,169,0,0,0,0
389,164,0,0,0,0
373,165,0,0,0,0
385,160,0,0,0,0
368,161,0,0,0,0
381,156,0,0,0,0
363,158,0,0,0,0
377,152,0,0,0,0
359,154,0,0,0,0
374,148,0,0,0,0
355,150,0,0,0,0
371,144,0,0,0,0
352,146,0,0,0,0
369,141,0,0,0,0
350,142,0,0,0,0
367,137,0,0,0,0
347,138,0,0,0,0
365,133,0,0,0,0
345,134,0,0,0,0
364,130,0,0,0,0
344,130,0,0,0,0
363,126,0,0,0,0
342,126,0,0,0,0
362,122,0,0,0,0
341,122,0,0,0,0
361,118,0,0,0,0
340,118,0,0,0,0
360,114,0,0,0,0
339,114,0,0,0,0
360,111,0,0,0,0
339,110,0,0,0,0
360,107,0,0,0,0
338,105,0,0,0,0
360,103,0,0,0,0
338,101,0,0,0,0
360,99,0,0,0,0
338,97,0,0,0,0
360,95,0,0,0,0
339,93,0,0,0,0
361,91,0,0,0,0
339,89,0,0,0,0
362,87,0,0,0,0
340,85,0,0,0,0
363,83,0,0,0,0
341,81,0,0,0,0
364,79,0,0,0,0
343,77,0,0,0,0
366,76,0,0,0,0
344,73,0,0,0,0
367,72,0,0,0,0
345,69,0,0,0,0
369,69,0,0,0,0
347,65,0,0,0,0
371,66,0,0,0,0
349,61,0,0,0,0
373,62,0,0,0,0
351,57,0,0,0,0
375,59,0,0,0,0
354,54,0,0,0,0
377,56,0,0,0,0
356,50,0,0,0,0
380,53,0,0,0,0
359,47,0,0,0,0
382,50,0,0,0,0
362,43,0,0,0,0
385,47,0,0,0,0
365,40,0,0,0,0
388,44,0,0,0,0
368,37,0,0,0,0
391,41,0,0,0,0
371,34,0,0,0,0
394,38,0,0,0,0
375,31,0,0,0,0
398,35,0,0,0,0
379,28,0,0,0,0
402,32,0,0,0,0
383,25,0,0,0,0
407,29,0,0,0,0
388,23,0,0,0,0
412,26,0,0,0,0
393,20,0,0,0,0
417,24,0,0,0,0
398,18,0,0,0,0
422,21,0,0,0,0
415,21,0,0,0,0
431,25,0,0,0,0
415,21,0,0,0,0
431,25,0,0,0,0
447,29,0,0,0,0
431,25,0,0,0,0
447,29,0,0,0,0
463,32,0,0,0,0
447,29,0,0,0,0
463,32,0,0,0,0
478,37,0,0,0,0
463,32,0,0,0,0
478,37,0,0,0,0
494,41,0,0,0,0
478,37,0,0,0,0
494,41,0,0,0,0
510,46,0,0,0,0
494,41,0,0,0,0
510,46,0,0,0,0
525,50,0,0,0,0
510,46,0,0,0,0
525,50,0,0,0,0
541,55,0,0,0,0
525,50,0,0,0,0
541,55,0,0,0,0
556,61,0,0,0,0
541,55,0,0,0,0
556,61,0,0,0,0
551,59,0,0,0,0
533,55,0,0,0,0
515,53,0,0,0,0
498,53,0,0,0,0
480,53,0,0,0,0
463,57,0,0,0,0
446,65,0,0,0,0
432,75,0,0,0,0
421,89,0,0,0,0
414,106,0,0,0,0
411,123,0,0,0,0
414,141,0,0,0,0
421,157,0,0,0,0
431,172,0,0,0,0
442,182,0,0,0,0
431,172,0,0,0,0
421,157,0,0,0,0
414,141,0,0,0,0
411,123,0,0,0,0
414,106,0,0,0,0
421,89,0,0,0,0
432,75,0,0,0,0
446,65,0,0,0,0
463,57,0,0,0,0
480,53,0,0,0,0
498,53,0,0,0,0
515,53,0,0,0,0
533,55,0,0,0,0
551,59,0,0,0,0
531,56,0,0,0,0
514,55,0,0,0,0
496,56,0,0,0,0
479,59,0,0,0,0
463,67,0,0,0,0
450,78,0,0,0,0
440,92,0,0,0,0
436,109,0,0,0,0
440,126,0,0,0,0
450,140,0,0,0,0
466,147,0,0,0,0
484,149,0,0,0,0
497,146,0,0,0,0
484,149,0,0,0,0
466,147,0,0,0,0
450,140,0,0,0,0
440,126,0,0,0,0
436,109,0,0,0,0
440,92,0,0,0,0
450,78,0,0,0,0
463,67,0,0,0,0
479,59,0,0,0,0
496,56,0,0,0,0
514,55,0,0,0,0
531,56,0,0,0,0
549,59,0,0,0,0
543,58,0,0,0,0
546,59,0,0,0,0
530,60,0,0,0,0
513,63,0,0,0,0
497,70,0,0,0,0
483,79,0,0,0,0
472,91,0,0,0,0
463,106,0,0,0,0
460,119,0,0,0,0
462,131,0,0,0,0
468,141,0,0,0,0
478,147,0,0,0,0
468,141,0,0,0,0
462,132,0,0,0,0
460,122,0,0,0,0
461,109,0,0,0,0
469,95,0,0,0,0
479,83,0,0,0,0
492,73,0,0,0,0
506,66,0,0,0,0
521,61,0,0,0,0
536,59,0,0,0,0
551,57,0,0,0,0
566,64,0,0,0,0
540,56,0,0,0,0
553,62,0,0,0,0
531,56,0,0,0,0
543,62,0,0,0,0
523,57,0,0,0,0
536,63,0,0,0,0
516,58,0,0,0,0
529,64,0,0,0,0
510,59,0,0,0,0
523,66,0,0,0,0
504,61,0,0,0,0
518,67,0,0,0,0
498,63,0,0,0,0
513,69,0,0,0,0
492,65,0,0,0,0
509,72,0,0,0,0
487,67,0,0,0,0
505,74,0,0,0,0
482,70,0,0,0,0
501,77,0,0,0,0
478,73,0,0,0,0
497,79,0,0,0,0
474,75,0,0,0,0
493,82,0,0,0,0
471,78,0,0,0,0
490,86,0,0,0,0
467,81,0,0,0,0
487,89,0,0,0,0
464,85,0,0,0,0
484,92,0,0,0,0
461,88,0,0,0,0
481,95,0,0,0,0
459,91,0,0,0,0
479,99,0,0,0,0
457,95,0,0,0,0
476,102,0,0,0,0
455,99,0,0,0,0
474,105,0,0,0,0
454,103,0,0,0,0
472,108,0,0,0,0
453,107,0,0,0,0
470,112,0,0,0,0
452,111,0,0,0,0
469,115,0,0,0,0
451,115,0,0,0,0
468,119,0,0,0,0
451,119,0,0,0,0
468,123,0,0,0,0
452,123,0,0,0,0
468,127,0,0,0,0
453,128,0,0,0,0
469,132,0,0,0,0
455,132,0,0,0,0
471,136,0,0,0,0
457,137,0,0,0,0
473,138,0,0,0,0
460,141,0,0,0,0
476,141,0,0,0,0
465,145,0,0,0,0
480,144,0,0,0,0
470,147,0,0,0,0
485,146,0,0,0,0
482,149,0,0,0,0
500,145,0,0,0,0
514,140,0,0,0,0
498,146,0,0,0,0
514,140,0,0,0,0
529,132,0,0,0,0
514,140,0,0,0,0
529,132,0,0,0,0
543,123,0,0,0,0
529,132,0,0,0,0
543,123,0,0,0,0
556,113,0,0,0,0
543,123,0,0,0,0
556,113,0,0,0,0
569,103,0,0,0,0
556,113,0,0,0,0
569,103,0,0,0,0
578,96,0,0,0,0
586,91,0,0,0,0
598,89,0,0,0,0
609,86,0,0,0,0
618,91,0,0,0,0
630,99,0,0,0,0
643,107,0,0,0,0
651,119,0,0,0,0
660,131,0,0,0,0
668,145,0,0,0,0
673,146,0,0,0,0
662,149,0,0,0,0
674,141,0,0,0,0
658,147,0,0,0,0
673,137,0,0,0,0
655,145,0,0,0,0
672,134,0,0,0,0
653,141,0,0,0,0
670,130,0,0,0,0
652,138,0,0,0,0
668,127,0,0,0,0
650,134,0,0,0,0
666,123,0,0,0,0
649,130,0,0,0,0
663,119,0,0,0,0
647,127,0,0,0,0
661,116,0,0,0,0
645,123,0,0,0,0
658,113,0,0,0,0
643,120,0,0,0,0
655,110,0,0,0,0
640,117,0,0,0,0
652,107,0,0,0,0
637,114,0,0,0,0
648,105,0,0,0,0
635,111,0,0,0,0
645,102,0,0,0,0
632,109,0,0,0,0
641,100,0,0,0,0
629,106,0,0,0,0
638,98,0,0,0,0
626,102,0,0,0,0
634,96,0,0,0,0
623,99,0,0,0,0
629,94,0,0,0,0
619,96,0,0,0,0
623,92,0,0,0,0
611,93,0,0,0,0
615,92,0,0,0,0
611,84,0,0,0,0
622,83,0,0,0,0
634,81,0,0,0,0
650,82,0,0,0,0
666,82,0,0,0,0
679,84,0,0,0,0
693,86,0,0,0,0
706,88,0,0,0,0
723,94,0,0,0,0
740,100,0,0,0,0
756,106,0,0,0,0
772,112,0,0,0,0
789,116,0,0,0,0
806,118,0,0,0,0
823,118,0,0,0,0
841,117,0,0,0,0
858,113,0,0,0,0
874,107,0,0,0,0
888,97,0,0,0,0
898,88,0,0,0,0
899,85,0,0,0,0
885,75,0,0,0,0
870,65,0,0,0,0
854,55,0,0,0,0
839,46,0,0,0,0
823,37,0,0,0,0
807,29,0,0,0,0
791,22,0,0,0,0
774,16,0,0,0,0
756,12,0,0,0,0
738,11,0,0,0,0
721,16,0,0,0,0
707,27,0,0,0,0
703,44,0,0,0,0
715,58,0,0,0,0
733,63,0,0,0,0
743,66,0,0,0,0
728,66,0,0,0,0
733,62,0,0,0,0
712,62,0,0,0,0
727,58,0,0,0,0
705,59,0,0,0,0
723,55,0,0,0,0
700,55,0,0,0,0
719,51,0,0,0,0
695,50,0,0,0,0
716,47,0,0,0,0
692,46,0,0,0,0
715,44,0,0,0,0
690,42,0,0,0,0
715,40,0,0,0,0
689,38,0,0,0,0
715,37,0,0,0,0
689,34,0,0,0,0
716,34,0,0,0,0
689,30,0,0,0,0
717,32,0,0,0,0
690,26,0,0,0,0
719,30,0,0,0,0
693,22,0,0,0,0
721,28,0,0,0,0
696,19,0,0,0,0
719,25,0,0,0,0
700,16,0,0,0,0
725,26,0,0,0,0
704,13,0,0,0,0
728,25,0,0,0,0
708,11,0,0,0,0
731,23,0,0,0,0
712,9,0,0,0,0
735,22,0,0,0,0
717,8,0,0,0,0
739,22,0,0,0,0
722,7,0,0,0,0
743,22,0,0,0,0
728,6,0,0,0,0
748,22,0,0,0,0
733,6,0,0,0,0
752,22,0,0,0,0
738,6,0,0,0,0
757,22,0,0,0,0
744,6,0,0,0,0
763,23,0,0,0,0
749,6,0,0,0,0
768,24,0,0,0,0
755,7,0,0,0,0
774,25,0,0,0,0
761,8,0,0,0,0
780,27,0,0,0,0
767,9,0,0,0,0
785,28,0,0,0,0
773,11,0,0,0,0
791,30,0,0,0,0
779,12,0,0,0,0
796,32,0,0,0,0
785,14,0,0,0,0
801,33,0,0,0,0
792,17,0,0,0,0
806,35,0,0,0,0
798,19,0,0,0,0
811,37,0,0,0,0
803,22,0,0,0,0
816,39,0,0,0,0
809,24,0,0,0,0
820,41,0,0,0,0
815,27,0,0,0,0
825,44,0,0,0,0
820,30,0,0,0,0
831,46,0,0,0,0
826,33,0,0,0,0
836,49,0,0,0,0
831,36,0,0,0,0
841,51,0,0,0,0
837,40,0,0,0,0
846,54,0,0,0,0
842,43,0,0,0,0
851,57,0,0,0,0
848,47,0,0,0,0
856,60,0,0,0,0
853,50,0,0,0,0
861,63,0,0,0,0
859,54,0,0,0,0
867,66,0,0,0,0
864,57,0,0,0,0
872,69,0,0,0,0
869,61,0,0,0,0
877,72,0,0,0,0
874,64,0,0,0,0
882,76,0,0,0,0
880,68,0,0,0,0
888,79,0,0,0,0
885,72,0,0,0,0
893,83,0,0,0,0
890,76,0,0,0,0
898,87,0,0,0,0
896,80,0,0,0,0
897,86,0,0,0,0
884,77,0,0,0,0
869,68,0,0,0,0
853,61,0,0,0,0
838,55,0,0,0,0
821,50,0,0,0,0
805,47,0,0,0,0
788,46,0,0,0,0
771,50,0,0,0,0
772,67,0,0,0,0
788,72,0,0,0,0
805,73,0,0,0,0
817,74,0,0,0,0
805,73,0,0,0,0
788,72,0,0,0,0
772,67,0,0,0,0
771,50,0,0,0,0
788,46,0,0,0,0
805,47,0,0,0,0
821,50,0,0,0,0
838,55,0,0,0,0
853,61,0,0,0,0
869,68,0,0,0,0
884,77,0,0,0,0
898,86,0,0,0,0
899,71,0,0,0,0
897,57,0,0,0,0
891,45,0,0,0,0
897,57,0,0,0,0
899,71,0,0,0,0
898,85,0,0,0,0
894,101,0,0,0,0
898,118,0,0,0,0
914,123,0,0,0,0
925,121,0,0,0,0
931,122,0,0,0,0
932,126,0,0,0,0
929,130,0,0,0,0
924,132,0,0,0,0
929,130,0,0,0,0
932,126,0,0,0,0
931,122,0,0,0,0
925,121,0,0,0,0
914,123,0,0,0,0
898,118,0,0,0,0
894,101,0,0,0,0
899,85,0,0,0,0
908,69,0,0,0,0
912,52,0,0,0,0
913,35,0,0,0,0
922,47,0,0,0,0
927,61,0,0,0,0
929,76,0,0,0,0
928,91,0,0,0,0
924,105,0,0,0,0
928,91,0,0,0,0
929,76,0,0,0,0
927,61,0,0,0,0
922,47,0,0,0,0
913,35,0,0,0,0
912,52,0,0,0,0
908,69,0,0,0,0
899,85,0,0,0,0
911,94,0,0,0,0
922,103,0,0,0,0
933,113,0,0,0,0
944,122,0,0,0,0
944,132,0,0,0,0
956,143,0,0,0,0
968,155,0,0,0,0
980,167,0,0,0,0
964,176,0,0,0,0
946,178,0,0,0,0
929,176,0,0,0,0
911,170,0,0,0,0
897,162,0,0,0,0
903,146,0,0,0,0
893,131,0,0,0,0
880,123,0,0,0,0
893,131,0,0,0,0
903,146,0,0,0,0
897,162,0,0,0,0
911,170,0,0,0,0
929,176,0,0,0,0
946,178,0,0,0,0
964,176,0,0,0,0
980,167,0,0,0,0
968,155,0,0,0,0
956,143,0,0,0,0
944,132,0,0,0,0
944,122,0,0,0,0
933,113,0,0,0,0
922,103,0,0,0,0
911,94,0,0,0,0
900,85,0,0,0,0
886,99,0,0,0,0
871,108,0,0,0,0
854,114,0,0,0,0
838,117,0,0,0,0
820,119,0,0,0,0
803,118,0,0,0,0
786,116,0,0,0,0
769,111,0,0,0,0
756,106,0,0,0,0
749,101,0,0,0,0
756,107,0,0,0,0
738,96,0,0,0,0
747,105,0,0,0,0
730,93,0,0,0,0
739,103,0,0,0,0
723,90,0,0,0,0
732,101,0,0,0,0
716,88,0,0,0,0
725,99,0,0,0,0
711,87,0,0,0,0
719,98,0,0,0,0
706,85,0,0,0,0
713,97,0,0,0,0
701,84,0,0,0,0
708,96,0,0,0,0
696,82,0,0,0,0
703,95,0,0,0,0
691,81,0,0,0,0
697,94,0,0,0,0
686,80,0,0,0,0
692,93,0,0,0,0
681,79,0,0,0,0
687,92,0,0,0,0
676,78,0,0,0,0
682,92,0,0,0,0
671,77,0,0,0,0
677,91,0,0,0,0
667,76,0,0,0,0
673,90,0,0,0,0
662,76,0,0,0,0
668,90,0,0,0,0
658,75,0,0,0,0
663,90,0,0,0,0
653,75,0,0,0,0
659,90,0,0,0,0
649,75,0,0,0,0
655,90,0,0,0,0
645,75,0,0,0,0
651,90,0,0,0,0
640,75,0,0,0,0
647,90,0,0,0,0
636,75,0,0,0,0
643,90,0,0,0,0
632,75,0,0,0,0
639,91,0,0,0,0
627,75,0,0,0,0
635,91,0,0,0,0
623,76,0,0,0,0
631,92,0,0,0,0
618,77,0,0,0,0
627,92,0,0,0,0
614,77,0,0,0,0
623,93,0,0,0,0
610,78,0,0,0,0
619,94,0,0,0,0
606,79,0,0,0,0
614,94,0,0,0,0
603,80,0,0,0,0
610,93,0,0,0,0
600,81,0,0,0,0
605,94,0,0,0,0
597,82,0,0,0,0
601,94,0,0,0,0
594,83,0,0,0,0
597,95,0,0,0,0
591,84,0,0,0,0
593,95,0,0,0,0
588,85,0,0,0,0
589,97,0,0,0,0
586,87,0,0,0,0
584,98,0,0,0,0
583,89,0,0,0,0
579,100,0,0,0,0
578,92,0,0,0,0
572,103,0,0,0,0
571,98,0,0,0,0
562,110,0,0,0,0
558,117,0,0,0,0
552,125,0,0,0,0
551,136,0,0,0,0
544,147,0,0,0,0
537,158,0,0,0,0
525,169,0,0,0,0
514,179,0,0,0,0
501,185,0,0,0,0
489,192,0,0,0,0
478,192,0,0,0,0
468,193,0,0,0,0
451,188,0,0,0,0
439,181,0,0,0,0
431,172,0,0,0,0
429,168,0,0,0,0
431,177,0,0,0,0
434,172,0,0,0,0
436,183,0,0,0,0
439,176,0,0,0,0
441,187,0,0,0,0
443,178,0,0,0,0
444,190,0,0,0,0
448,180,0,0,0,0
448,192,0,0,0,0
451,182,0,0,0,0
452,194,0,0,0,0
455,183,0,0,0,0
456,196,0,0,0,0
459,184,0,0,0,0
460,197,0,0,0,0
463,185,0,0,0,0
465,198,0,0,0,0
467,185,0,0,0,0
469,199,0,0,0,0
471,186,0,0,0,0
473,200,0,0,0,0
475,186,0,0,0,0
477,200,0,0,0,0
479,186,0,0,0,0
481,199,0,0,0,0
483,185,0,0,0,0
485,199,0,0,0,0
487,184,0,0,0,0
489,198,0,0,0,0
490,183,0,0,0,0
493,198,0,0,0,0
493,182,0,0,0,0
497,196,0,0,0,0
496,180,0,0,0,0
501,195,0,0,0,0
499,178,0,0,0,0
505,193,0,0,0,0
502,176,0,0,0,0
509,192,0,0,0,0
505,174,0,0,0,0
512,190,0,0,0,0
508,172,0,0,0,0
516,188,0,0,0,0
511,170,0,0,0,0
520,186,0,0,0,0
514,167,0,0,0,0
523,183,0,0,0,0
517,165,0,0,0,0
527,181,0,0,0,0
519,163,0,0,0,0
530,178,0,0,0,0
522,160,0,0,0,0
533,176,0,0,0,0
524,158,0,0,0,0
536,173,0,0,0,0
527,155,0,0,0,0
539,170,0,0,0,0
529,153,0,0,0,0
541,167,0,0,0,0
531,150,0,0,0,0
544,164,0,0,0,0
533,147,0,0,0,0
547,161,0,0,0,0
535,145,0,0,0,0
549,158,0,0,0,0
537,142,0,0,0,0
551,154,0,0,0,0
539,139,0,0,0,0
554,151,0,0,0,0
541,136,0,0,0,0
554,145,0,0,0,0
550,134,0,0,0,0
555,120,0,0,0,0
564,109,0,0,0,0
557,115,0,0,0,0
559,119,0,0,0,0
550,122,0,0,0,0
557,124,0,0,0,0
550,124,0,0,0,0
556,129,0,0,0,0
547,125,0,0,0,0
556,133,0,0,0,0
545,128,0,0,0,0
555,137,0,0,0,0
544,131,0,0,0,0
555,142,0,0,0,0
543,133,0,0,0,0
554,145,0,0,0,0
560,161,0,0,0,0
554,145,0,0,0,0
560,161,0,0,0,0
568,175,0,0,0,0
560,161,0,0,0,0
568,175,0,0,0,0
577,189,0,0,0,0
568,175,0,0,0,0
577,189,0,0,0,0
585,204,0,0,0,0
577,189,0,0,0,0
585,204,0,0,0,0
590,220,0,0,0,0
585,204,0,0,0,0
590,220,0,0,0,0
591,237,0,0,0,0
590,220,0,0,0,0
591,237,0,0,0,0
593,252,0,0,0,0
591,237,0,0,0,0
593,252,0,0,0,0
601,264,0,0,0,0
613,277,0,0,0,0
626,289,0,0,0,0
640,299,0,0,0,0
654,308,0,0,0,0
640,299,0,0,0,0
626,289,0,0,0,0
614,278,0,0,0,0
602,266,0,0,0,0
592,252,0,0,0,0
591,245,0,0,0,0
592,236,0,0,0,0
584,257,0,0,0,0
595,241,0,0,0,0
587,260,0,0,0,0
597,245,0,0,0,0
589,263,0,0,0,0
600,249,0,0,0,0
592,266,0,0,0,0
603,253,0,0,0,0
594,269,0,0,0,0
605,257,0,0,0,0
596,271,0,0,0,0
608,261,0,0,0,0
599,274,0,0,0,0
611,264,0,0,0,0
601,276,0,0,0,0
613,267,0,0,0,0
604,278,0,0,0,0
616,271,0,0,0,0
606,281,0,0,0,0
619,274,0,0,0,0
609,283,0,0,0,0
622,277,0,0,0,0
611,285,0,0,0,0
625,280,0,0,0,0
614,287,0,0,0,0
628,283,0,0,0,0
617,289,0,0,0,0
631,287,0,0,0,0
620,291,0,0,0,0
635,290,0,0,0,0
624,294,0,0,0,0
639,293,0,0,0,0
628,296,0,0,0,0
643,297,0,0,0,0
632,299,0,0,0,0
648,300,0,0,0,0
637,302,0,0,0,0
653,304,0,0,0,0
642,305,0,0,0,0
660,308,0,0,0,0
649,308,0,0,0,0
668,313,0,0,0,0
657,313,0,0,0,0
666,312,0,0,0,0
676,313,0,0,0,0
666,312,0,0,0,0
676,313,0,0,0,0
683,325,0,0,0,0
695,330,0,0,0,0
708,329,0,0,0,0
703,318,0,0,0,0
708,329,0,0,0,0
695,330,0,0,0,0
683,325,0,0,0,0
676,313,0,0,0,0
687,313,0,0,0,0
676,313,0,0,0,0
687,313,0,0,0,0
698,312,0,0,0,0
687,313,0,0,0,0
698,312,0,0,0,0
691,303,0,0,0,0
685,294,0,0,0,0
691,303,0,0,0,0
698,312,0,0,0,0
691,303,0,0,0,0
685,294,0,0,0,0
675,294,0,0,0,0
685,294,0,0,0,0
675,294,0,0,0,0
659,287,0,0,0,0
644,276,0,0,0,0
635,261,0,0,0,0
627,245,0,0,0,0
635,233,0,0,0,0
644,222,0,0,0,0
648,207,0,0,0,0
653,193,0,0,0,0
648,207,0,0,0,0
644,222,0,0,0,0
635,233,0,0,0,0
627,245,0,0,0,0
635,261,0,0,0,0
644,276,0,0,0,0
659,287,0,0,0,0
675,294,0,0,0,0
676,291,0,0,0,0
678,279,0,0,0,0
679,267,0,0,0,0
683,255,0,0,0,0
687,243,0,0,0,0
695,231,0,0,0,0
692,234,0,0,0,0
685,247,0,0,0,0
680,260,0,0,0,0
677,275,0,0,0,0
676,289,0,0,0,0
677,275,0,0,0,0
680,260,0,0,0,0
685,247,0,0,0,0
692,234,0,0,0,0
704,223,0,0,0,0
694,229,0,0,0,0
698,232,0,0,0,0
686,237,0,0,0,0
694,239,0,0,0,0
682,241,0,0,0,0
692,243,0,0,0,0
680,245,0,0,0,0
690,248,0,0,0,0
678,249,0,0,0,0
689,252,0,0,0,0
676,253,0,0,0,0
688,256,0,0,0,0
674,258,0,0,0,0
687,261,0,0,0,0
673,262,0,0,0,0
686,265,0,0,0,0
672,266,0,0,0,0
685,269,0,0,0,0
671,270,0,0,0,0
685,273,0,0,0,0
670,274,0,0,0,0
685,277,0,0,0,0
669,277,0,0,0,0
684,282,0,0,0,0
670,278,0,0,0,0
676,285,0,0,0,0
676,289,0,0,0,0
668,292,0,0,0,0
685,294,0,0,0,0
668,288,0,0,0,0
685,290,0,0,0,0
668,284,0,0,0,0
685,286,0,0,0,0
670,278,0,0,0,0
661,271,0,0,0,0
673,279,0,0,0,0
661,271,0,0,0,0
652,261,0,0,0,0
661,271,0,0,0,0
652,261,0,0,0,0
649,248,0,0,0,0
652,261,0,0,0,0
649,248,0,0,0,0
660,237,0,0,0,0
649,248,0,0,0,0
660,237,0,0,0,0
669,224,0,0,0,0
660,237,0,0,0,0
669,224,0,0,0,0
676,211,0,0,0,0
669,224,0,0,0,0
676,211,0,0,0,0
681,196,0,0,0,0
676,211,0,0,0,0
681,196,0,0,0,0
695,203,0,0,0,0
708,211,0,0,0,0
721,219,0,0,0,0
734,228,0,0,0,0
746,237,0,0,0,0
734,228,0,0,0,0
721,219,0,0,0,0
708,211,0,0,0,0
695,203,0,0,0,0
681,196,0,0,0,0
669,193,0,0,0,0
680,196,0,0,0,0
669,193,0,0,0,0
657,189,0,0,0,0
669,193,0,0,0,0
657,189,0,0,0,0
653,200,0,0,0,0
649,212,0,0,0,0
640,226,0,0,0,0
632,240,0,0,0,0
625,244,0,0,0,0
633,241,0,0,0,0
628,238,0,0,0,0
638,235,0,0,0,0
631,233,0,0,0,0
642,231,0,0,0,0
634,228,0,0,0,0
645,227,0,0,0,0
636,224,0,0,0,0
647,223,0,0,0,0
637,220,0,0,0,0
650,220,0,0,0,0
639,215,0,0,0,0
651,217,0,0,0,0
640,211,0,0,0,0
653,213,0,0,0,0
641,207,0,0,0,0
655,210,0,0,0,0
642,203,0,0,0,0
657,206,0,0,0,0
643,199,0,0,0,0
658,202,0,0,0,0
644,195,0,0,0,0
660,198,0,0,0,0
644,191,0,0,0,0
661,194,0,0,0,0
645,186,0,0,0,0
662,191,0,0,0,0
646,187,0,0,0,0
636,185,0,0,0,0
648,187,0,0,0,0
636,185,0,0,0,0
623,183,0,0,0,0
636,185,0,0,0,0
623,183,0,0,0,0
612,180,0,0,0,0
623,183,0,0,0,0
612,180,0,0,0,0
603,176,0,0,0,0
612,180,0,0,0,0
603,176,0,0,0,0
602,170,0,0,0,0
603,176,0,0,0,0
602,170,0,0,0,0
606,166,0,0,0,0
602,170,0,0,0,0
606,166,0,0,0,0
614,164,0,0,0,0
606,166,0,0,0,0
614,164,0,0,0,0
632,166,0,0,0,0
614,164,0,0,0,0
632,166,0,0,0,0
649,170,0,0,0,0
632,166,0,0,0,0
649,170,0,0,0,0
665,177,0,0,0,0
649,170,0,0,0,0
665,177,0,0,0,0
681,185,0,0,0,0
665,177,0,0,0,0
681,185,0,0,0,0
696,195,0,0,0,0
681,185,0,0,0,0
696,195,0,0,0,0
710,205,0,0,0,0
696,195,0,0,0,0
710,205,0,0,0,0
724,217,0,0,0,0
710,205,0,0,0,0
724,217,0,0,0,0
737,228,0,0,0,0
724,217,0,0,0,0
737,228,0,0,0,0
743,232,0,0,0,0
737,228,0,0,0,0
743,232,0,0,0,0
740,229,0,0,0,0
750,239,0,0,0,0
736,244,0,0,0,0
722,249,0,0,0,0
713,259,0,0,0,0
703,268,0,0,0,0
700,269,0,0,0,0
699,278,0,0,0,0
703,262,0,0,0,0
704,273,0,0,0,0
706,257,0,0,0,0
708,269,0,0,0,0
709,254,0,0,0,0
711,266,0,0,0,0
711,251,0,0,0,0
715,263,0,0,0,0
713,249,0,0,0,0
718,261,0,0,0,0
715,247,0,0,0,0
722,258,0,0,0,0
718,244,0,0,0,0
725,256,0,0,0,0
721,242,0,0,0,0
729,254,0,0,0,0
723,240,0,0,0,0
732,253,0,0,0,0
726,239,0,0,0,0
736,251,0,0,0,0
729,237,0,0,0,0
740,249,0,0,0,0
733,236,0,0,0,0
744,248,0,0,0,0
736,234,0,0,0,0
749,247,0,0,0,0
740,233,0,0,0,0
754,246,0,0,0,0
751,237,0,0,0,0
757,244,0,0,0,0
763,250,0,0,0,0
771,258,0,0,0,0
756,269,0,0,0,0
738,264,0,0,0,0
732,264,0,0,0,0
727,270,0,0,0,0
727,277,0,0,0,0
742,287,0,0,0,0
758,296,0,0,0,0
769,285,0,0,0,0
782,276,0,0,0,0
796,267,0,0,0,0
809,262,0,0,0,0
823,258,0,0,0,0
809,262,0,0,0,0
795,267,0,0,0,0
796,254,0,0,0,0
794,241,0,0,0,0
789,229,0,0,0,0
784,217,0,0,0,0
777,207,0,0,0,0
784,217,0,0,0,0
789,229,0,0,0,0
804,223,0,0,0,0
817,215,0,0,0,0
829,206,0,0,0,0
841,197,0,0,0,0
844,188,0,0,0,0
851,173,0,0,0,0
851,156,0,0,0,0
841,147,0,0,0,0
851,156,0,0,0,0
851,173,0,0,0,0
844,188,0,0,0,0
840,197,0,0,0,0
853,193,0,0,0,0
864,190,0,0,0,0
877,186,0,0,0,0
890,182,0,0,0,0
895,176,0,0,0,0
887,186,0,0,0,0
887,180,0,0,0,0
878,192,0,0,0,0
881,182,0,0,0,0
872,196,0,0,0,0
875,184,0,0,0,0
866,198,0,0,0,0
869,185,0,0,0,0
861,200,0,0,0,0
865,185,0,0,0,0
857,202,0,0,0,0
861,186,0,0,0,0
851,203,0,0,0,0
857,186,0,0,0,0
846,205,0,0,0,0
853,187,0,0,0,0
840,205,0,0,0,0
849,187,0,0,0,0
834,206,0,0,0,0
844,187,0,0,0,0
829,207,0,0,0,0
817,215,0,0,0,0
804,223,0,0,0,0
789,229,0,0,0,0
794,241,0,0,0,0
796,254,0,0,0,0
796,267,0,0,0,0
782,276,0,0,0,0
769,285,0,0,0,0
758,295,0,0,0,0
772,302,0,0,0,0
785,308,0,0,0,0
798,313,0,0,0,0
809,315,0,0,0,0
820,317,0,0,0,0
833,319,0,0,0,0
846,321,0,0,0,0
857,321,0,0,0,0
868,320,0,0,0,0
879,319,0,0,0,0
889,317,0,0,0,0
899,313,0,0,0,0
908,309,0,0,0,0
923,299,0,0,0,0
928,290,0,0,0,0
932,282,0,0,0,0
925,266,0,0,0,0
915,261,0,0,0,0
906,255,0,0,0,0
893,253,0,0,0,0
880,251,0,0,0,0
870,250,0,0,0,0
859,251,0,0,0,0
844,259,0,0,0,0
846,269,0,0,0,0
857,272,0,0,0,0
866,272,0,0,0,0
857,272,0,0,0,0
846,269,0,0,0,0
844,259,0,0,0,0
859,251,0,0,0,0
870,250,0,0,0,0
880,250,0,0,0,0
873,252,0,0,0,0
881,248,0,0,0,0
882,252,0,0,0,0
893,248,0,0,0,0
889,253,0,0,0,0
903,249,0,0,0,0
896,255,0,0,0,0
911,252,0,0,0,0
902,258,0,0,0,0
919,254,0,0,0,0
907,260,0,0,0,0
926,257,0,0,0,0
911,263,0,0,0,0
931,261,0,0,0,0
914,266,0,0,0,0
935,265,0,0,0,0
917,269,0,0,0,0
937,269,0,0,0,0
918,272,0,0,0,0
939,273,0,0,0,0
919,276,0,0,0,0
940,277,0,0,0,0
920,279,0,0,0,0
941,282,0,0,0,0
919,282,0,0,0,0
941,286,0,0,0,0
918,285,0,0,0,0
940,290,0,0,0,0
917,288,0,0,0,0
938,294,0,0,0,0
915,291,0,0,0,0
935,297,0,0,0,0
912,293,0,0,0,0
932,300,0,0,0,0
910,295,0,0,0,0
928,303,0,0,0,0
907,297,0,0,0,0
925,307,0,0,0,0
904,300,0,0,0,0
922,309,0,0,0,0
901,302,0,0,0,0
918,312,0,0,0,0
898,303,0,0,0,0
914,314,0,0,0,0
895,305,0,0,0,0
910,316,0,0,0,0
891,306,0,0,0,0
905,318,0,0,0,0
888,308,0,0,0,0
901,320,0,0,0,0
884,309,0,0,0,0
896,321,0,0,0,0
881,310,0,0,0,0
892,323,0,0,0,0
878,311,0,0,0,0
887,324,0,0,0,0
874,312,0,0,0,0
883,325,0,0,0,0
870,312,0,0,0,0
879,326,0,0,0,0
866,313,0,0,0,0
874,326,0,0,0,0
862,314,0,0,0,0
870,327,0,0,0,0
858,314,0,0,0,0
865,327,0,0,0,0
854,314,0,0,0,0
860,327,0,0,0,0
850,314,0,0,0,0
856,327,0,0,0,0
846,314,0,0,0,0
851,327,0,0,0,0
842,314,0,0,0,0
847,327,0,0,0,0
838,314,0,0,0,0
842,326,0,0,0,0
834,313,0,0,0,0
837,326,0,0,0,0
829,313,0,0,0,0
833,325,0,0,0,0
825,312,0,0,0,0
828,324,0,0,0,0
821,312,0,0,0,0
824,324,0,0,0,0
817,311,0,0,0,0
820,323,0,0,0,0
813,310,0,0,0,0
816,322,0,0,0,0
808,309,0,0,0,0
812,321,0,0,0,0
803,308,0,0,0,0
807,320,0,0,0,0
798,307,0,0,0,0
802,318,0,0,0,0
793,306,0,0,0,0
798,317,0,0,0,0
787,304,0,0,0,0
792,315,0,0,0,0
781,302,0,0,0,0
787,313,0,0,0,0
775,300,0,0,0,0
781,311,0,0,0,0
769,298,0,0,0,0
775,308,0,0,0,0
762,295,0,0,0,0
768,304,0,0,0,0
753,291,0,0,0,0
760,300,0,0,0,0
753,291,0,0,0,0
757,296,0,0,0,0
742,286,0,0,0,0
728,277,0,0,0,0
727,269,0,0,0,0
732,265,0,0,0,0
737,264,0,0,0,0
745,268,0,0,0,0
755,269,0,0,0,0
764,266,0,0,0,0
771,258,0,0,0,0
762,249,0,0,0,0
754,242,0,0,0,0
749,233,0,0,0,0
743,224,0,0,0,0
745,212,0,0,0,0
747,201,0,0,0,0
758,188,0,0,0,0
769,175,0,0,0,0
780,168,0,0,0,0
790,162,0,0,0,0
801,156,0,0,0,0
785,161,0,0,0,0
770,167,0,0,0,0
755,172,0,0,0,0
739,177,0,0,0,0
724,181,0,0,0,0
709,186,0,0,0,0
724,181,0,0,0,0
739,177,0,0,0,0
755,172,0,0,0,0
770,167,0,0,0,0
785,161,0,0,0,0
800,156,0,0,0,0
784,159,0,0,0,0
767,162,0,0,0,0
749,162,0,0,0,0
732,160,0,0,0,0
716,152,0,0,0,0
713,135,0,0,0,0
724,129,0,0,0,0
737,129,0,0,0,0
744,134,0,0,0,0
743,141,0,0,0,0
736,144,0,0,0,0
729,144,0,0,0,0
736,144,0,0,0,0
743,141,0,0,0,0
744,134,0,0,0,0
737,129,0,0,0,0
724,129,0,0,0,0
713,135,0,0,0,0
716,152,0,0,0,0
732,160,0,0,0,0
749,162,0,0,0,0
767,162,0,0,0,0
784,159,0,0,0,0
801,155,0,0,0,0
808,153,0,0,0,0
791,156,0,0,0,0
797,159,0,0,0,0
781,162,0,0,0,0
788,165,0,0,0,0
772,168,0,0,0,0
781,170,0,0,0,0
765,173,0,0,0,0
776,175,0,0,0,0
759,178,0,0,0,0
771,180,0,0,0,0
754,183,0,0,0,0
767,185,0,0,0,0
749,188,0,0,0,0
763,190,0,0,0,0
745,193,0,0,0,0
760,195,0,0,0,0
741,198,0,0,0,0
758,199,0,0,0,0
738,203,0,0,0,0
756,204,0,0,0,0
736,207,0,0,0,0
755,208,0,0,0,0
735,212,0,0,0,0
754,213,0,0,0,0
734,216,0,0,0,0
754,217,0,0,0,0
733,220,0,0,0,0
754,221,0,0,0,0
733,225,0,0,0,0
747,230,0,0,0,0
756,244,0,0,0,0
766,256,0,0,0,0
773,258,0,0,0,0
756,250,0,0,0,0
768,252,0,0,0,0
751,245,0,0,0,0
765,247,0,0,0,0
747,242,0,0,0,0
762,242,0,0,0,0
743,238,0,0,0,0
760,238,0,0,0,0
740,234,0,0,0,0
758,234,0,0,0,0
737,231,0,0,0,0
756,229,0,0,0,0
735,228,0,0,0,0
755,225,0,0,0,0
733,225,0,0,0,0
751,222,0,0,0,0
735,223,0,0,0,0
740,223,0,0,0,0
735,223,0,0,0,0
674,209,1,0,0,0
612,194,1,0,0,0
551,180,1,0,0,0
490,165,1,0,0,0
490,165,0,0,0,1490,165,0,0,0,1